id,category,relative_path,source_path,extension,size_bytes,size_human,converted_exists,chunked_exists,status,indexed_at
1,FireFox-Downloads,FireFox-Downloads/CIS_Microsoft_Windows_11_Enterprise_Benchmark_v5.0.0.pdf,D:\Books\FireFox-Downloads\CIS_Microsoft_Windows_11_Enterprise_Benchmark_v5.0.0.pdf,.pdf,8064018,7.7 MB,True,False,converted,2026-03-20T16:02:23
4,FireFox-Downloads,FireFox-Downloads/SSF_SS_1098T.pdf,D:\Books\FireFox-Downloads\SSF_SS_1098T.pdf,.pdf,77186,75.4 KB,True,False,converted,2026-03-20T16:02:23
6,FireFox-Downloads,FireFox-Downloads/[English (auto-generated)] How to CRAFT ANY ITEM YOU WANT! - PoE 2 ULTIMATE CRAFTING GUIDE [DownSub..txt,D:\Books\FireFox-Downloads\[English (auto-generated)] How to CRAFT ANY ITEM YOU WANT! - PoE 2 ULTIMATE CRAFTING GUIDE [DownSub..txt,.txt,47905,46.8 KB,True,True,chunked,2026-03-20T16:02:23
7,FireFox-Downloads,FireFox-Downloads/[English (auto-generated)] Secret History #8 Death by Bureaucracy [DownSub.com].txt,D:\Books\FireFox-Downloads\[English (auto-generated)] Secret History #8 Death by Bureaucracy [DownSub.com].txt,.txt,51362,50.2 KB,True,True,chunked,2026-03-20T16:02:23
2,FireFox-Downloads,FireFox-Downloads/f5-big-ip-vmware-app-volumes-integration-guide.pdf,D:\Books\FireFox-Downloads\f5-big-ip-vmware-app-volumes-integration-guide.pdf,.pdf,3100915,3.0 MB,True,True,chunked,2026-03-20T16:02:23
3,FireFox-Downloads,FireFox-Downloads/f5-big-ip-vmware-app-volumes-integration-guide.txt,D:\Books\FireFox-Downloads\f5-big-ip-vmware-app-volumes-integration-guide.txt,.txt,18552,18.1 KB,True,True,chunked,2026-03-20T16:02:23
5,FireFox-Downloads,FireFox-Downloads/uUKTHbeC.htm,D:\Books\FireFox-Downloads\uUKTHbeC.htm,.htm,0,0.0 B,True,False,converted,2026-03-20T16:02:23
81,IT,IT/AI/DL/Deep Learning Cookbook.epub,D:\Books\IT\AI\DL\Deep Learning Cookbook.epub,.epub,9578207,9.1 MB,True,True,chunked,2026-03-20T16:02:24
82,IT,IT/AI/DL/Deep Learning with Python.pdf,D:\Books\IT\AI\DL\Deep Learning with Python.pdf,.pdf,15132084,14.4 MB,True,False,converted,2026-03-20T16:02:24
41,IT,IT/AI/Deep Learning_ Foundations and Concepts.pdf,D:\Books\IT\AI\Deep Learning_ Foundations and Concepts.pdf,.pdf,29138408,27.8 MB,True,False,converted,2026-03-20T16:02:24
83,IT,IT/AI/ML/Machine Learning a Practical Approach on the Statistical Learning Theory.pdf,D:\Books\IT\AI\ML\Machine Learning a Practical Approach on the Statistical Learning Theory.pdf,.pdf,7159092,6.8 MB,True,False,converted,2026-03-20T16:02:24
84,IT,IT/AI/ML/Machine Learning with Python Cookbook.epub,D:\Books\IT\AI\ML\Machine Learning with Python Cookbook.epub,.epub,4165377,4.0 MB,True,True,chunked,2026-03-20T16:02:24
85,IT,IT/AI/NLP/Mastering NLP from Foundations to LLMs.pdf,D:\Books\IT\AI\NLP\Mastering NLP from Foundations to LLMs.pdf,.pdf,40134142,38.3 MB,True,False,converted,2026-03-20T16:02:24
86,IT,IT/AI/NLP/Natural Language Processing in Action - Python.pdf,D:\Books\IT\AI\NLP\Natural Language Processing in Action - Python.pdf,.pdf,10176310,9.7 MB,True,False,converted,2026-03-20T16:02:24
42,IT,IT/AI/Neural Networks in Unity.pdf,D:\Books\IT\AI\Neural Networks in Unity.pdf,.pdf,6441822,6.1 MB,True,False,converted,2026-03-20T16:02:24
43,IT,IT/AI/Python AI Programming.epub,D:\Books\IT\AI\Python AI Programming.epub,.epub,5847729,5.6 MB,True,True,chunked,2026-03-20T16:02:24
44,IT,IT/Broadcom VMware/VMware vSAN 7.0 U3 Deep Dive.epub,D:\Books\IT\Broadcom VMware\VMware vSAN 7.0 U3 Deep Dive.epub,.epub,19878060,19.0 MB,True,True,chunked,2026-03-20T16:02:24
45,IT,IT/Broadcom VMware/VMware vSphere 6.7 Clustering.pdf,D:\Books\IT\Broadcom VMware\VMware vSphere 6.7 Clustering.pdf,.pdf,19230468,18.3 MB,True,False,converted,2026-03-20T16:02:24
47,IT,IT/Broadcom VMware/vSphere 6.5 Host Resources Deep Dive.pdf,D:\Books\IT\Broadcom VMware\vSphere 6.5 Host Resources Deep Dive.pdf,.pdf,16650337,15.9 MB,True,False,converted,2026-03-20T16:02:24
46,IT,IT/Broadcom VMware/vmware-vsphere-8-0.pdf,D:\Books\IT\Broadcom VMware\vmware-vsphere-8-0.pdf,.pdf,32399995,30.9 MB,True,False,converted,2026-03-20T16:02:24
48,IT,IT/Cloud_General/The Self-Taught Cloud Computing Engineer.pdf,D:\Books\IT\Cloud_General\The Self-Taught Cloud Computing Engineer.pdf,.pdf,16082369,15.3 MB,True,False,converted,2026-03-20T16:02:24
87,IT,IT/CompSci/API/Restful Web API Patterns and Practices Cookbook.epub,D:\Books\IT\CompSci\API\Restful Web API Patterns and Practices Cookbook.epub,.epub,6276306,6.0 MB,True,True,chunked,2026-03-20T16:02:24
88,IT,IT/CompSci/CPP/Clean C++ Sustainable Software Development Patterns and Best Practices with C++ 17.pdf,D:\Books\IT\CompSci\CPP\Clean C++ Sustainable Software Development Patterns and Best Practices with C++ 17.pdf,.pdf,5548781,5.3 MB,True,False,converted,2026-03-20T16:02:24
89,IT,IT/CompSci/CPP/Introduction to C++.pdf,D:\Books\IT\CompSci\CPP\Introduction to C++.pdf,.pdf,16412224,15.7 MB,True,False,converted,2026-03-20T16:02:24
90,IT,IT/CompSci/CSharp/CSharp Cookbook.epub,D:\Books\IT\CompSci\CSharp\CSharp Cookbook.epub,.epub,2663445,2.5 MB,True,True,chunked,2026-03-20T16:02:24
49,IT,IT/CompSci/Computer Systems A Programmer's Perspective Pearson Custom.pdf,D:\Books\IT\CompSci\Computer Systems A Programmer's Perspective Pearson Custom.pdf,.pdf,40952061,39.1 MB,True,False,converted,2026-03-20T16:02:24
91,IT,"IT/CompSci/DataStructures/Data Structures and Algorithms in Python -- Michael H_ Goldwasser, Roberto Tamassia, Michael T_ Goodrich -- 2018 -- John Wiley & Sons -- d67104ccc0ab589d39ffb9d520e0e276 -- Anna’s Archive.epub","D:\Books\IT\CompSci\DataStructures\Data Structures and Algorithms in Python -- Michael H_ Goldwasser, Roberto Tamassia, Michael T_ Goodrich -- 2018 -- John Wiley & Sons -- d67104ccc0ab589d39ffb9d520e0e276 -- Anna’s Archive.epub",.epub,15299784,14.6 MB,True,True,chunked,2026-03-20T16:02:24
50,IT,IT/CompSci/Design Patterns_ Elements of Reusable Object-Oriented.epub,D:\Books\IT\CompSci\Design Patterns_ Elements of Reusable Object-Oriented.epub,.epub,15401997,14.7 MB,True,True,chunked,2026-03-20T16:02:24
51,IT,IT/CompSci/Introduction to algorithms.pdf,D:\Books\IT\CompSci\Introduction to algorithms.pdf,.pdf,1743296,1.7 MB,True,False,converted,2026-03-20T16:02:24
92,IT,IT/CompSci/Java/Introduction to Java Programming.pdf,D:\Books\IT\CompSci\Java\Introduction to Java Programming.pdf,.pdf,15034142,14.3 MB,True,False,converted,2026-03-20T16:02:24
93,IT,IT/CompSci/Java/Java Cookbook.epub,D:\Books\IT\CompSci\Java\Java Cookbook.epub,.epub,7861279,7.5 MB,True,True,chunked,2026-03-20T16:02:24
94,IT,IT/CompSci/Java/Practical Introduction to Data Structures and Algorithms with Java.pdf,D:\Books\IT\CompSci\Java\Practical Introduction to Data Structures and Algorithms with Java.pdf,.pdf,2496487,2.4 MB,True,False,converted,2026-03-20T16:02:24
95,IT,IT/CompSci/Java/Think Data Structures Algorithms and Information Retrieval in Java.epub,D:\Books\IT\CompSci\Java\Think Data Structures Algorithms and Information Retrieval in Java.epub,.epub,3185389,3.0 MB,True,True,chunked,2026-03-20T16:02:24
96,IT,IT/CompSci/Javascript/Javascript Cookbook.epub,D:\Books\IT\CompSci\Javascript\Javascript Cookbook.epub,.epub,5702890,5.4 MB,True,True,chunked,2026-03-20T16:02:24
115,IT,IT/CompSci/Javascript/React/React Cookbook.epub,D:\Books\IT\CompSci\Javascript\React\React Cookbook.epub,.epub,14911576,14.2 MB,True,True,chunked,2026-03-20T16:02:24
97,IT,"IT/CompSci/Modeling/Agile Modeling with UML - Code Generation, Testing, Refactoring.pdf","D:\Books\IT\CompSci\Modeling\Agile Modeling with UML - Code Generation, Testing, Refactoring.pdf",.pdf,7173876,6.8 MB,True,False,converted,2026-03-20T16:02:24
98,IT,IT/CompSci/Modeling/UML Distilled A Brief Guide to the Standard Object Modeling Language (3rd Edition).pdf,D:\Books\IT\CompSci\Modeling\UML Distilled A Brief Guide to the Standard Object Modeling Language (3rd Edition).pdf,.pdf,3256102,3.1 MB,True,False,converted,2026-03-20T16:02:24
99,IT,IT/CompSci/OOP/Object Oriented And Classical Software Engineering.pdf,D:\Books\IT\CompSci\OOP\Object Oriented And Classical Software Engineering.pdf,.pdf,6735442,6.4 MB,True,False,converted,2026-03-20T16:02:24
100,IT,IT/CompSci/OOP/Object-Oriented Programming C++ Simplified.pdf,D:\Books\IT\CompSci\OOP\Object-Oriented Programming C++ Simplified.pdf,.pdf,17095093,16.3 MB,True,False,converted,2026-03-20T16:02:24
101,IT,IT/CompSci/Python/Data Structures and Algorithms with Python.epub,D:\Books\IT\CompSci\Python\Data Structures and Algorithms with Python.epub,.epub,68087437,64.9 MB,True,True,chunked,2026-03-20T16:02:24
102,IT,IT/CompSci/Python/Programming Puzzles Python Edition.epub,D:\Books\IT\CompSci\Python\Programming Puzzles Python Edition.epub,.epub,31979419,30.5 MB,True,True,chunked,2026-03-20T16:02:24
103,IT,IT/CompSci/Python/Python Cookbook.epub,D:\Books\IT\CompSci\Python\Python Cookbook.epub,.epub,1652130,1.6 MB,True,True,chunked,2026-03-20T16:02:24
104,IT,IT/CompSci/Regex/Mastering Regular Expressions Understand Your Data and Be More Productive.pdf,D:\Books\IT\CompSci\Regex\Mastering Regular Expressions Understand Your Data and Be More Productive.pdf,.pdf,3051659,2.9 MB,True,False,converted,2026-03-20T16:02:24
105,IT,IT/CompSci/Regex/Regex Quick Syntax Reference - Understanding and Using Regular Expressions.pdf,D:\Books\IT\CompSci\Regex\Regex Quick Syntax Reference - Understanding and Using Regular Expressions.pdf,.pdf,2054835,2.0 MB,True,False,converted,2026-03-20T16:02:24
106,IT,IT/CompSci/Regex/Regular Expressions Cookbook.epub,D:\Books\IT\CompSci\Regex\Regular Expressions Cookbook.epub,.epub,5297571,5.1 MB,True,True,chunked,2026-03-20T16:02:24
52,IT,IT/CompSci/Structure and Interpretation of Computer Programs - 2nd.pdf,D:\Books\IT\CompSci\Structure and Interpretation of Computer Programs - 2nd.pdf,.pdf,7983049,7.6 MB,True,False,converted,2026-03-20T16:02:24
107,IT,IT/CompSci/Structure/Clean Code Cookbook.epub,D:\Books\IT\CompSci\Structure\Clean Code Cookbook.epub,.epub,2437768,2.3 MB,True,True,chunked,2026-03-20T16:02:24
108,IT,IT/CompSci/Structure/Clean Code.pdf,D:\Books\IT\CompSci\Structure\Clean Code.pdf,.pdf,3285313,3.1 MB,True,False,converted,2026-03-20T16:02:24
109,IT,IT/CompSci/Structure/Refactoring Improving the Design of Existing Code.pdf,D:\Books\IT\CompSci\Structure\Refactoring Improving the Design of Existing Code.pdf,.pdf,12442507,11.9 MB,True,False,converted,2026-03-20T16:02:24
110,IT,IT/CompSci/Structure/The Clean Coder.pdf,D:\Books\IT\CompSci\Structure\The Clean Coder.pdf,.pdf,4935573,4.7 MB,True,False,converted,2026-03-20T16:02:24
111,IT,IT/CompSci/Structure/The Pragmatic Programmer.pdf,D:\Books\IT\CompSci\Structure\The Pragmatic Programmer.pdf,.pdf,1676158,1.6 MB,True,False,converted,2026-03-20T16:02:24
112,IT,IT/CompSci/Structure/Think Like a Programmer An Introduction to Creative Problem Solving.epub,D:\Books\IT\CompSci\Structure\Think Like a Programmer An Introduction to Creative Problem Solving.epub,.epub,3933010,3.8 MB,True,True,chunked,2026-03-20T16:02:24
113,IT,IT/CompSci/Web_Basics/Web Accessibility Cookbook.epub,D:\Books\IT\CompSci\Web_Basics\Web Accessibility Cookbook.epub,.epub,106323671,101.4 MB,True,True,chunked,2026-03-20T16:02:24
114,IT,IT/CompSci/Web_Basics/Web Development and Design Foundations with HTML5 10e.epub,D:\Books\IT\CompSci\Web_Basics\Web Development and Design Foundations with HTML5 10e.epub,.epub,117955645,112.5 MB,True,True,chunked,2026-03-20T16:02:24
116,IT,IT/Database_DA/Basics/Hands-on Database An Introduction to Database Design and Development.pdf,D:\Books\IT\Database_DA\Basics\Hands-on Database An Introduction to Database Design and Development.pdf,.pdf,3996550,3.8 MB,True,False,converted,2026-03-20T16:02:24
117,IT,IT/Database_DA/Basics/The Manga guide to databases.pdf,D:\Books\IT\Database_DA\Basics\The Manga guide to databases.pdf,.pdf,36388939,34.7 MB,True,False,converted,2026-03-20T16:02:24
118,IT,"IT/Database_DA/MSSQL/Dynamic SQL Applications, Performance, and Security in Microsoft SQL Server.pdf","D:\Books\IT\Database_DA\MSSQL\Dynamic SQL Applications, Performance, and Security in Microsoft SQL Server.pdf",.pdf,11299398,10.8 MB,True,False,converted,2026-03-20T16:02:24
119,IT,IT/Database_DA/MSSQL/Microsoft SQL Server AlwaysOn Solutions Guide for High Availability and Disaster Recovery.pdf,D:\Books\IT\Database_DA\MSSQL\Microsoft SQL Server AlwaysOn Solutions Guide for High Availability and Disaster Recovery.pdf,.pdf,1252588,1.2 MB,True,False,converted,2026-03-20T16:02:24
120,IT,IT/Database_DA/MSSQL/SQL Server T-SQL Recipes.pdf,D:\Books\IT\Database_DA\MSSQL\SQL Server T-SQL Recipes.pdf,.pdf,6009502,5.7 MB,True,False,converted,2026-03-20T16:02:24
53,IT,IT/Database_DA/rcookbook2e.epub,D:\Books\IT\Database_DA\rcookbook2e.epub,.epub,9827140,9.4 MB,True,True,chunked,2026-03-20T16:02:24
54,IT,IT/DevOps/Accelerate The Science of DevOps.pdf,D:\Books\IT\DevOps\Accelerate The Science of DevOps.pdf,.pdf,4939584,4.7 MB,True,False,converted,2026-03-20T16:02:24
55,IT,IT/DevOps/Ansible DevOps Cookbook.epub,D:\Books\IT\DevOps\Ansible DevOps Cookbook.epub,.epub,2333114,2.2 MB,True,True,chunked,2026-03-20T16:02:24
121,IT,IT/DevOps/CI_CD/Continuous Delivery.pdf,D:\Books\IT\DevOps\CI_CD\Continuous Delivery.pdf,.pdf,14446216,13.8 MB,True,False,converted,2026-03-20T16:02:24
122,IT,IT/DevOps/CI_CD/Learning Continuous Integration with Jenkins.epub,D:\Books\IT\DevOps\CI_CD\Learning Continuous Integration with Jenkins.epub,.epub,21133928,20.2 MB,True,True,chunked,2026-03-20T16:02:24
123,IT,IT/DevOps/CI_CD/Puppet 8 for DevOps Engineers.epub,D:\Books\IT\DevOps\CI_CD\Puppet 8 for DevOps Engineers.epub,.epub,5127875,4.9 MB,True,True,chunked,2026-03-20T16:02:24
124,IT,IT/DevOps/Deployment/HashiCorp Packer in Production.epub,D:\Books\IT\DevOps\Deployment\HashiCorp Packer in Production.epub,.epub,5994668,5.7 MB,True,True,chunked,2026-03-20T16:02:24
56,IT,IT/DevOps/DevOps Career Handbook.epub,D:\Books\IT\DevOps\DevOps Career Handbook.epub,.epub,9406393,9.0 MB,True,True,chunked,2026-03-20T16:02:24
57,IT,IT/DevOps/DevOps Unleashed with Git and Github.epub,D:\Books\IT\DevOps\DevOps Unleashed with Git and Github.epub,.epub,10548533,10.1 MB,True,True,chunked,2026-03-20T16:02:24
125,IT,IT/DevOps/DevSecOps/Implementing DevSecOps Practices.epub,D:\Books\IT\DevOps\DevSecOps\Implementing DevSecOps Practices.epub,.epub,2581058,2.5 MB,True,True,chunked,2026-03-20T16:02:24
126,IT,IT/DevOps/K8s/GitOps Cookbook.epub,D:\Books\IT\DevOps\K8s\GitOps Cookbook.epub,.epub,8896861,8.5 MB,True,True,chunked,2026-03-20T16:02:24
127,IT,IT/DevOps/K8s/Kubernetes Anti-patterns.epub,D:\Books\IT\DevOps\K8s\Kubernetes Anti-patterns.epub,.epub,2764338,2.6 MB,True,True,chunked,2026-03-20T16:02:24
128,IT,IT/DevOps/K8s/Kubernetes Cookbook.epub,D:\Books\IT\DevOps\K8s\Kubernetes Cookbook.epub,.epub,4596653,4.4 MB,True,True,chunked,2026-03-20T16:02:24
58,IT,IT/DevOps/Mastering Github Actions.epub,D:\Books\IT\DevOps\Mastering Github Actions.epub,.epub,16926316,16.1 MB,True,True,chunked,2026-03-20T16:02:24
59,IT,IT/DevOps/Mastering Terraform.epub,D:\Books\IT\DevOps\Mastering Terraform.epub,.epub,15234430,14.5 MB,True,True,chunked,2026-03-20T16:02:24
60,IT,IT/DevOps/Practical GitLab Services.epub,D:\Books\IT\DevOps\Practical GitLab Services.epub,.epub,81114760,77.4 MB,True,True,chunked,2026-03-20T16:02:24
61,IT,IT/DevOps/Terraform Cookbook.epub,D:\Books\IT\DevOps\Terraform Cookbook.epub,.epub,5156320,4.9 MB,True,True,chunked,2026-03-20T16:02:24
62,IT,IT/DevOps/The Kubernetes Bible.epub,D:\Books\IT\DevOps\The Kubernetes Bible.epub,.epub,9947373,9.5 MB,True,True,chunked,2026-03-20T16:02:24
129,IT,IT/EUC/Azure VDI_MDM/Mastering Azure Virtual Desktop.epub,D:\Books\IT\EUC\Azure VDI_MDM\Mastering Azure Virtual Desktop.epub,.epub,83253111,79.4 MB,True,True,chunked,2026-03-20T16:02:24
130,IT,"IT/EUC/Azure VDI_MDM/Mastering Microsoft Intune, Second Edition.epub","D:\Books\IT\EUC\Azure VDI_MDM\Mastering Microsoft Intune, Second Edition.epub",.epub,111647880,106.5 MB,True,True,chunked,2026-03-20T16:02:24
131,IT,IT/EUC/Citrix/Mastering Citrix XenDesktop.epub,D:\Books\IT\EUC\Citrix\Mastering Citrix XenDesktop.epub,.epub,15651392,14.9 MB,True,True,chunked,2026-03-20T16:02:24
132,IT,IT/EUC/Omnissa/Delivering Applications with VMware App Volumes 4.epub,D:\Books\IT\EUC\Omnissa\Delivering Applications with VMware App Volumes 4.epub,.epub,38144960,36.4 MB,True,True,chunked,2026-03-20T16:02:24
133,IT,IT/EUC/Omnissa/Implementing VMware Dynamic Environment Manager.epub,D:\Books\IT\EUC\Omnissa\Implementing VMware Dynamic Environment Manager.epub,.epub,32193194,30.7 MB,True,True,chunked,2026-03-20T16:02:24
134,IT,IT/EUC/Omnissa/Mastering VMware Horizon 8.pdf,D:\Books\IT\EUC\Omnissa\Mastering VMware Horizon 8.pdf,.pdf,68857601,65.7 MB,True,False,converted,2026-03-20T16:02:24
63,IT,IT/Google/Google Cloud Cookbook.epub,D:\Books\IT\Google\Google Cloud Cookbook.epub,.epub,9700834,9.3 MB,True,True,chunked,2026-03-20T16:02:24
64,IT,"IT/IT_Fundamentals/Computer Systems Digital Design, Fundamentals of Computer Architecture and Assembly Language.pdf","D:\Books\IT\IT_Fundamentals\Computer Systems Digital Design, Fundamentals of Computer Architecture and Assembly Language.pdf",.pdf,10782700,10.3 MB,True,False,converted,2026-03-20T16:02:24
65,IT,IT/IT_Fundamentals/Digital design and computer architecture.epub,D:\Books\IT\IT_Fundamentals\Digital design and computer architecture.epub,.epub,14571159,13.9 MB,True,True,chunked,2026-03-20T16:02:24
135,IT,IT/IT_Fundamentals/IT/CompTIA A+ Certification Companion.epub,D:\Books\IT\IT_Fundamentals\IT\CompTIA A+ Certification Companion.epub,.epub,1637539,1.6 MB,True,True,chunked,2026-03-20T16:02:24
136,IT,IT/IT_Fundamentals/IT/CompTIA IT Fundamentals.pdf,D:\Books\IT\IT_Fundamentals\IT\CompTIA IT Fundamentals.pdf,.pdf,22918140,21.9 MB,True,False,converted,2026-03-20T16:02:24
137,IT,IT/IT_Fundamentals/IT/CompTIA Security+.pdf,D:\Books\IT\IT_Fundamentals\IT\CompTIA Security+.pdf,.pdf,32100527,30.6 MB,True,False,converted,2026-03-20T16:02:24
138,IT,IT/IT_Fundamentals/IT/The Practice of System and Network Administration.epub,D:\Books\IT\IT_Fundamentals\IT\The Practice of System and Network Administration.epub,.epub,2688467,2.6 MB,True,True,chunked,2026-03-20T16:02:24
66,IT,IT/IT_Fundamentals/Make Electronics Learning Through Discovery.pdf,D:\Books\IT\IT_Fundamentals\Make Electronics Learning Through Discovery.pdf,.pdf,17939858,17.1 MB,True,False,converted,2026-03-20T16:02:24
67,IT,"IT/IT_Fundamentals/The Art of Electronics -- Paul Horowitz, Winfield Hill -- 3rd Revised edition, Cambridge, 2015, 2017 -- Cambridge University Press (Virtual -- 9780521809269 -- 0cfc6142aaf0cfe38a3a59d249fc6602 -- Anna’s Archive.pdf","D:\Books\IT\IT_Fundamentals\The Art of Electronics -- Paul Horowitz, Winfield Hill -- 3rd Revised edition, Cambridge, 2015, 2017 -- Cambridge University Press (Virtual -- 9780521809269 -- 0cfc6142aaf0cfe38a3a59d249fc6602 -- Anna’s Archive.pdf",.pdf,144762824,138.1 MB,True,False,converted,2026-03-20T16:02:24
68,IT,IT/IT_Fundamentals/The Manga Guide to Microprocessors.pdf,D:\Books\IT\IT_Fundamentals\The Manga Guide to Microprocessors.pdf,.pdf,26427652,25.2 MB,True,False,converted,2026-03-20T16:02:24
139,IT,IT/Linux/Bash/Bash Cookbook.epub,D:\Books\IT\Linux\Bash\Bash Cookbook.epub,.epub,3256082,3.1 MB,True,True,chunked,2026-03-20T16:02:24
140,IT,IT/Linux/Bash/Learning the Bash Shell.pdf,D:\Books\IT\Linux\Bash\Learning the Bash Shell.pdf,.pdf,1709320,1.6 MB,True,False,converted,2026-03-20T16:02:24
69,IT,IT/Linux/CompTIA Linux.epub,D:\Books\IT\Linux\CompTIA Linux.epub,.epub,3016827,2.9 MB,True,True,chunked,2026-03-20T16:02:24
70,IT,IT/Linux/Linux Command Line and Shell Scripting Bible.pdf,D:\Books\IT\Linux\Linux Command Line and Shell Scripting Bible.pdf,.pdf,19936382,19.0 MB,True,False,converted,2026-03-20T16:02:24
71,IT,IT/Linux/Linux Cookbook.epub,D:\Books\IT\Linux\Linux Cookbook.epub,.epub,66370265,63.3 MB,True,True,chunked,2026-03-20T16:02:24
141,IT,IT/Microsoft/Active Directory/Active Directory Best Practices.pdf,D:\Books\IT\Microsoft\Active Directory\Active Directory Best Practices.pdf,.pdf,8360023,8.0 MB,True,False,converted,2026-03-20T16:02:24
142,IT,IT/Microsoft/Active Directory/Learn Active Directory Management in a Month of Lunches.pdf,D:\Books\IT\Microsoft\Active Directory\Learn Active Directory Management in a Month of Lunches.pdf,.pdf,20130432,19.2 MB,True,False,converted,2026-03-20T16:02:24
143,IT,IT/Microsoft/Azure/Azure Cookbook.epub,D:\Books\IT\Microsoft\Azure\Azure Cookbook.epub,.epub,15847739,15.1 MB,True,True,chunked,2026-03-20T16:02:24
144,IT,IT/Microsoft/Azure/Azure Virtual Desktop Specialist - AZ-140 .pdf,D:\Books\IT\Microsoft\Azure\Azure Virtual Desktop Specialist - AZ-140 .pdf,.pdf,22133045,21.1 MB,True,False,converted,2026-03-20T16:02:24
145,IT,IT/Microsoft/Azure/DevSecOps for Azure.epub,D:\Books\IT\Microsoft\Azure\DevSecOps for Azure.epub,.epub,29027503,27.7 MB,True,True,chunked,2026-03-20T16:02:24
146,IT,IT/Microsoft/M365/Mastering Windows 365.epub,D:\Books\IT\Microsoft\M365\Mastering Windows 365.epub,.epub,40781165,38.9 MB,True,True,chunked,2026-03-20T16:02:24
157,IT,IT/Microsoft/M365/Office/Excel Cookbook.epub,D:\Books\IT\Microsoft\M365\Office\Excel Cookbook.epub,.epub,17742785,16.9 MB,True,True,chunked,2026-03-20T16:02:24
147,IT,IT/Microsoft/PowerShell/Learn Windows PowerShell in a Month of L.epub,D:\Books\IT\Microsoft\PowerShell\Learn Windows PowerShell in a Month of L.epub,.epub,6305036,6.0 MB,True,True,chunked,2026-03-20T16:02:24
148,IT,IT/Microsoft/PowerShell/Mastering PowerShell Scripting.epub,D:\Books\IT\Microsoft\PowerShell\Mastering PowerShell Scripting.epub,.epub,11266744,10.7 MB,True,True,chunked,2026-03-20T16:02:24
149,IT,IT/Microsoft/PowerShell/PowerShell Cookbook.epub,D:\Books\IT\Microsoft\PowerShell\PowerShell Cookbook.epub,.epub,7535778,7.2 MB,True,True,chunked,2026-03-20T16:02:24
150,IT,IT/Microsoft/PowerShell/Windows PowerShell in Action 3rd Edition.pdf,D:\Books\IT\Microsoft\PowerShell\Windows PowerShell in Action 3rd Edition.pdf,.pdf,11361806,10.8 MB,True,False,converted,2026-03-20T16:02:24
151,IT,IT/Microsoft/PowerShell/Windows Server Automation with Powershell Cookbook.epub,D:\Books\IT\Microsoft\PowerShell\Windows Server Automation with Powershell Cookbook.epub,.epub,90893084,86.7 MB,True,True,chunked,2026-03-20T16:02:24
152,IT,IT/Microsoft/Security/Incident Response for Windows.epub,D:\Books\IT\Microsoft\Security\Incident Response for Windows.epub,.epub,10539264,10.1 MB,True,True,chunked,2026-03-20T16:02:24
153,IT,IT/Microsoft/Security/Mastering Windows Security and Hardening.epub,D:\Books\IT\Microsoft\Security\Mastering Windows Security and Hardening.epub,.epub,47012253,44.8 MB,True,True,chunked,2026-03-20T16:02:24
154,IT,IT/Microsoft/Security/Pentesting Active Directory and Windows.epub,D:\Books\IT\Microsoft\Security\Pentesting Active Directory and Windows.epub,.epub,53534489,51.1 MB,True,True,chunked,2026-03-20T16:02:24
164,IT,IT/Microsoft/Windows OS/Internals/Sysinternals/Troubleshooting with the Windows Sysinternals Tools.pdf,D:\Books\IT\Microsoft\Windows OS\Internals\Sysinternals\Troubleshooting with the Windows Sysinternals Tools.pdf,.pdf,62848755,59.9 MB,True,False,converted,2026-03-20T16:02:24
158,IT,"IT/Microsoft/Windows OS/Internals/Windows Internals, Part 1 System architecture, processes, threads, memory management, and more.epub","D:\Books\IT\Microsoft\Windows OS\Internals\Windows Internals, Part 1 System architecture, processes, threads, memory management, and more.epub",.epub,51880689,49.5 MB,True,True,chunked,2026-03-20T16:02:24
159,IT,"IT/Microsoft/Windows OS/Internals/Windows Internals, Part 2.epub","D:\Books\IT\Microsoft\Windows OS\Internals\Windows Internals, Part 2.epub",.epub,1301342,1.2 MB,True,True,chunked,2026-03-20T16:02:24
160,IT,IT/Microsoft/Windows OS/Server/Mastering Windows Server 2019.pdf,D:\Books\IT\Microsoft\Windows OS\Server\Mastering Windows Server 2019.pdf,.pdf,20622105,19.7 MB,True,False,converted,2026-03-20T16:02:24
161,IT,IT/Microsoft/Windows OS/Server/Mastering Windows Server 2022.epub,D:\Books\IT\Microsoft\Windows OS\Server\Mastering Windows Server 2022.epub,.epub,81914227,78.1 MB,True,True,chunked,2026-03-20T16:02:24
162,IT,IT/Microsoft/Windows OS/Server/Windows Server 2016 Domain Infrastructure.pdf,D:\Books\IT\Microsoft\Windows OS\Server\Windows Server 2016 Domain Infrastructure.pdf,.pdf,2405765,2.3 MB,True,False,converted,2026-03-20T16:02:24
163,IT,IT/Microsoft/Windows OS/Server/Windows Server 2022 Administration Fundamentals.epub,D:\Books\IT\Microsoft\Windows OS\Server\Windows Server 2022 Administration Fundamentals.epub,.epub,26711091,25.5 MB,True,True,chunked,2026-03-20T16:02:24
155,IT,IT/Microsoft/Windows OS/Windows 10 Troubleshooting.pdf,D:\Books\IT\Microsoft\Windows OS\Windows 10 Troubleshooting.pdf,.pdf,43846082,41.8 MB,True,False,converted,2026-03-20T16:02:24
156,IT,IT/Microsoft/Windows OS/Windows 11 for Enterprise Administrators.epub,D:\Books\IT\Microsoft\Windows OS\Windows 11 for Enterprise Administrators.epub,.epub,17107726,16.3 MB,True,True,chunked,2026-03-20T16:02:24
72,IT,IT/Monitoring/Mastering Prometheus.epub,D:\Books\IT\Monitoring\Mastering Prometheus.epub,.epub,8302690,7.9 MB,True,True,chunked,2026-03-20T16:02:24
73,IT,IT/Monitoring/Security Monitoring with Wazuh.epub,D:\Books\IT\Monitoring\Security Monitoring with Wazuh.epub,.epub,24886355,23.7 MB,True,True,chunked,2026-03-20T16:02:24
74,IT,"IT/Network/Computer Networking, A Top-Down Approach.pdf","D:\Books\IT\Network\Computer Networking, A Top-Down Approach.pdf",.pdf,9031660,8.6 MB,True,False,converted,2026-03-20T16:02:24
75,IT,IT/Network/ComputerNetworks.pdf,D:\Books\IT\Network\ComputerNetworks.pdf,.pdf,7287355,6.9 MB,True,False,converted,2026-03-20T16:02:24
76,IT,IT/Network/Learn Wireshark.epub,D:\Books\IT\Network\Learn Wireshark.epub,.epub,40652390,38.8 MB,True,True,chunked,2026-03-20T16:02:24
77,IT,IT/Network/Network Automation Cookbook.epub,D:\Books\IT\Network\Network Automation Cookbook.epub,.epub,20233720,19.3 MB,True,True,chunked,2026-03-20T16:02:24
78,IT,IT/Network/Network Programming with Go.pdf,D:\Books\IT\Network\Network Programming with Go.pdf,.pdf,4100851,3.9 MB,True,False,converted,2026-03-20T16:02:24
79,IT,IT/Raspberry Pi/Raspberry Pi Cookbook.epub,D:\Books\IT\Raspberry Pi\Raspberry Pi Cookbook.epub,.epub,48533352,46.3 MB,True,True,chunked,2026-03-20T16:02:24
80,IT,IT/Web/Learning JavaScript Data Structures and Algorithms.epub,D:\Books\IT\Web\Learning JavaScript Data Structures and Algorithms.epub,.epub,2990262,2.9 MB,True,True,chunked,2026-03-20T16:02:24
8,Maths,"Maths/Applied Graph Theory an Introduction Ghb_ Applied Graph -- Christopher H Griffin -- New Jersey, 2023 -- World Scientific Publishing Co Pte Ltd -- 9789811273100 -- 0045db355b64f9d7975b0ad538fdf5d9 -- Anna’s Archive.pdf","D:\Books\Maths\Applied Graph Theory an Introduction Ghb_ Applied Graph -- Christopher H Griffin -- New Jersey, 2023 -- World Scientific Publishing Co Pte Ltd -- 9789811273100 -- 0045db355b64f9d7975b0ad538fdf5d9 -- Anna’s Archive.pdf",.pdf,9460757,9.0 MB,True,False,converted,2026-03-20T16:02:23
165,Maths,Maths/Calculus/Calculus Early Transcendentals.pdf,D:\Books\Maths\Calculus\Calculus Early Transcendentals.pdf,.pdf,56353678,53.7 MB,True,False,converted,2026-03-20T16:02:24
166,Maths,Maths/Calculus/Calculus Multivariable.pdf,D:\Books\Maths\Calculus\Calculus Multivariable.pdf,.pdf,26956877,25.7 MB,True,False,converted,2026-03-20T16:02:24
167,Maths,Maths/Calculus/The Everything Guide to Calculus.pdf,D:\Books\Maths\Calculus\The Everything Guide to Calculus.pdf,.pdf,12312235,11.7 MB,True,False,converted,2026-03-20T16:02:24
168,Maths,Maths/Calculus/The Manga Guide to Calculus.pdf,D:\Books\Maths\Calculus\The Manga Guide to Calculus.pdf,.pdf,30460356,29.0 MB,True,False,converted,2026-03-20T16:02:24
169,Maths,Maths/Calculus/Vector Calculus.pdf,D:\Books\Maths\Calculus\Vector Calculus.pdf,.pdf,6891197,6.6 MB,True,False,converted,2026-03-20T16:02:24
170,Maths,Maths/Cheat Sheets/Trig Cheat Sheet.pdf,D:\Books\Maths\Cheat Sheets\Trig Cheat Sheet.pdf,.pdf,429067,419.0 KB,True,False,converted,2026-03-20T16:02:24
171,Maths,Maths/CompSci Math/3D Math Primer for Graphics and Game Development.pdf,D:\Books\Maths\CompSci Math\3D Math Primer for Graphics and Game Development.pdf,.pdf,21395465,20.4 MB,True,False,converted,2026-03-20T16:02:24
172,Maths,Maths/CompSci Math/Concrete Mathematics A Foundation for Computer Science - 2nd Edition.pdf,D:\Books\Maths\CompSci Math\Concrete Mathematics A Foundation for Computer Science - 2nd Edition.pdf,.pdf,3868575,3.7 MB,True,False,converted,2026-03-20T16:02:24
197,Maths,Maths/CompSci Math/Discrete/Discrete Mathematical Structures Kolman.pdf,D:\Books\Maths\CompSci Math\Discrete\Discrete Mathematical Structures Kolman.pdf,.pdf,22645711,21.6 MB,True,False,converted,2026-03-20T16:02:24
198,Maths,Maths/CompSci Math/Discrete/Discrete Mathematics for Computer Science.pdf,D:\Books\Maths\CompSci Math\Discrete\Discrete Mathematics for Computer Science.pdf,.pdf,20285065,19.3 MB,True,False,converted,2026-03-20T16:02:24
199,Maths,Maths/CompSci Math/Discrete/Discrete Mathematics with Applications.pdf,D:\Books\Maths\CompSci Math\Discrete\Discrete Mathematics with Applications.pdf,.pdf,23840074,22.7 MB,True,False,converted,2026-03-20T16:02:24
173,Maths,Maths/CompSci Math/From Mathematics to Generic Programming.pdf,D:\Books\Maths\CompSci Math\From Mathematics to Generic Programming.pdf,.pdf,2535153,2.4 MB,True,False,converted,2026-03-20T16:02:24
175,Maths,Maths/CompSci Math/Mathematics For Machine Learning.pdf,D:\Books\Maths\CompSci Math\Mathematics For Machine Learning.pdf,.pdf,17393204,16.6 MB,True,False,converted,2026-03-20T16:02:24
174,Maths,Maths/CompSci Math/Mathematics for Computer Science.pdf,D:\Books\Maths\CompSci Math\Mathematics for Computer Science.pdf,.pdf,13269308,12.7 MB,True,False,converted,2026-03-20T16:02:24
176,Maths,Maths/Geometry/Geometry 2nd Edition.pdf,D:\Books\Maths\Geometry\Geometry 2nd Edition.pdf,.pdf,12960511,12.4 MB,True,False,converted,2026-03-20T16:02:24
9,Maths,"Maths/Graph Theory -- Aiman S_ Gannous -- 1, 2026 -- Saur, K_ G_, Verlag_ ein Imprint der Walter de Gruyter GmbH -- 9783119143721 -- 759b54ddc58efd007fcbfd26ae8bc84f -- Anna’s Archive.epub","D:\Books\Maths\Graph Theory -- Aiman S_ Gannous -- 1, 2026 -- Saur, K_ G_, Verlag_ ein Imprint der Walter de Gruyter GmbH -- 9783119143721 -- 759b54ddc58efd007fcbfd26ae8bc84f -- Anna’s Archive.epub",.epub,8721249,8.3 MB,True,True,chunked,2026-03-20T16:02:23
177,Maths,Maths/Linear Algerbra/Linear Algebra and Its Applications 5th Edition.pdf,D:\Books\Maths\Linear Algerbra\Linear Algebra and Its Applications 5th Edition.pdf,.pdf,33181053,31.6 MB,True,False,converted,2026-03-20T16:02:24
178,Maths,Maths/Linear Algerbra/The Manga Guide to Linear Algebra.pdf,D:\Books\Maths\Linear Algerbra\The Manga Guide to Linear Algebra.pdf,.pdf,59027031,56.3 MB,True,False,converted,2026-03-20T16:02:24
10,Maths,"Maths/Mathematics of Networks_ Modulus Theory and Convex -- Albin, Nathan & Poggi-Corradini, Pietro -- 2026 -- CRC Press -- 1f12a0fbeafc97dcf12b1b12e2b608fe -- Anna’s Archive.epub","D:\Books\Maths\Mathematics of Networks_ Modulus Theory and Convex -- Albin, Nathan & Poggi-Corradini, Pietro -- 2026 -- CRC Press -- 1f12a0fbeafc97dcf12b1b12e2b608fe -- Anna’s Archive.epub",.epub,1979399,1.9 MB,True,True,chunked,2026-03-20T16:02:23
179,Maths,Maths/NextLevelMath/A Bridge to Higher Mathematics.pdf,D:\Books\Maths\NextLevelMath\A Bridge to Higher Mathematics.pdf,.pdf,2665008,2.5 MB,True,False,converted,2026-03-20T16:02:24
180,Maths,Maths/NextLevelMath/All the Mathematics You Missed But Need to Know for Graduate School.pdf,D:\Books\Maths\NextLevelMath\All the Mathematics You Missed But Need to Know for Graduate School.pdf,.pdf,10540564,10.1 MB,True,False,converted,2026-03-20T16:02:24
181,Maths,Maths/PreCalc+/Algebra and Trigonometry pt.1 Sullivan.pdf,D:\Books\Maths\PreCalc+\Algebra and Trigonometry pt.1 Sullivan.pdf,.pdf,23469988,22.4 MB,True,False,converted,2026-03-20T16:02:24
182,Maths,Maths/PreCalc+/Algebra and Trigonometry pt.2.pdf,D:\Books\Maths\PreCalc+\Algebra and Trigonometry pt.2.pdf,.pdf,26323087,25.1 MB,True,False,converted,2026-03-20T16:02:24
183,Maths,"Maths/PreCalc+/E. Anderson - Algebra and Geometry (1988, Holt, Rinehart & Winston) - .li.ocr.pdf","D:\Books\Maths\PreCalc+\E. Anderson - Algebra and Geometry (1988, Holt, Rinehart & Winston) - .li.ocr.pdf",.pdf,106272084,101.3 MB,True,False,converted,2026-03-20T16:02:24
184,Maths,"Maths/PreCalc+/E. Anderson - Algebra and Geometry (1988, Holt, Rinehart & Winston) - .li.pdf","D:\Books\Maths\PreCalc+\E. Anderson - Algebra and Geometry (1988, Holt, Rinehart & Winston) - .li.pdf",.pdf,85451027,81.5 MB,True,False,converted,2026-03-20T16:02:24
185,Maths,"Maths/PreCalc+/Foundations of Mathematics Algebra, Geometry, Trigonometry and Calculus.epub","D:\Books\Maths\PreCalc+\Foundations of Mathematics Algebra, Geometry, Trigonometry and Calculus.epub",.epub,27946595,26.7 MB,True,True,chunked,2026-03-20T16:02:24
186,Maths,Maths/PreCalc+/Larson - Precalculus.pdf,D:\Books\Maths\PreCalc+\Larson - Precalculus.pdf,.pdf,28548966,27.2 MB,True,False,converted,2026-03-20T16:02:24
187,Maths,"Maths/PreCalc+/Prealgebra , Fifth Edition.pdf","D:\Books\Maths\PreCalc+\Prealgebra , Fifth Edition.pdf",.pdf,14375904,13.7 MB,True,False,converted,2026-03-20T16:02:24
188,Maths,Maths/PreCalc+/Precalculus-OP.pdf,D:\Books\Maths\PreCalc+\Precalculus-OP.pdf,.pdf,84430704,80.5 MB,True,False,converted,2026-03-20T16:02:24
189,Maths,Maths/Problem Solving/The Art and Craft of Problem Solving (Math).pdf,D:\Books\Maths\Problem Solving\The Art and Craft of Problem Solving (Math).pdf,.pdf,6298570,6.0 MB,True,False,converted,2026-03-20T16:02:24
190,Maths,Maths/Statistics/An Introduction to Statistical Learning with Applications in R.pdf,D:\Books\Maths\Statistics\An Introduction to Statistical Learning with Applications in R.pdf,.pdf,11156792,10.6 MB,True,False,converted,2026-03-20T16:02:24
191,Maths,Maths/Statistics/Introductory Statistics-Mann.pdf,D:\Books\Maths\Statistics\Introductory Statistics-Mann.pdf,.pdf,21875692,20.9 MB,True,False,converted,2026-03-20T16:02:24
192,Maths,Maths/Statistics/Mathematical Statistics.pdf,D:\Books\Maths\Statistics\Mathematical Statistics.pdf,.pdf,5352656,5.1 MB,True,False,converted,2026-03-20T16:02:24
193,Maths,Maths/Statistics/Statistics-openstax.pdf,D:\Books\Maths\Statistics\Statistics-openstax.pdf,.pdf,32053649,30.6 MB,True,False,converted,2026-03-20T16:02:24
194,Maths,Maths/Statistics/The Elements of Statistics.pdf,D:\Books\Maths\Statistics\The Elements of Statistics.pdf,.pdf,13474466,12.9 MB,True,False,converted,2026-03-20T16:02:24
195,Maths,Maths/Statistics/The Manga Guide to Statistics.pdf,D:\Books\Maths\Statistics\The Manga Guide to Statistics.pdf,.pdf,94058420,89.7 MB,True,False,converted,2026-03-20T16:02:24
196,Maths,Maths/Trigonometry/Trigonometry Lial 11th Edition.pdf,D:\Books\Maths\Trigonometry\Trigonometry Lial 11th Edition.pdf,.pdf,36759541,35.1 MB,True,False,converted,2026-03-20T16:02:24
200,Reading Queue,Reading Queue/Cloud/Exam Ref AZ-104 Microsoft Azure Administrator.pdf,D:\Books\Reading Queue\Cloud\Exam Ref AZ-104 Microsoft Azure Administrator.pdf,.pdf,89962577,85.8 MB,True,False,converted,2026-03-20T16:02:24
201,Reading Queue,Reading Queue/Cloud/Exam Ref AZ-305 Designing Microsoft Azure Infrastructure Solutions.epub,D:\Books\Reading Queue\Cloud\Exam Ref AZ-305 Designing Microsoft Azure Infrastructure Solutions.epub,.epub,3036025,2.9 MB,True,True,chunked,2026-03-20T16:02:24
202,Reading Queue,Reading Queue/CompSci/Powerful Python.epub,D:\Books\Reading Queue\CompSci\Powerful Python.epub,.epub,2511716,2.4 MB,True,True,chunked,2026-03-20T16:02:24
203,Reading Queue,"Reading Queue/Creativity/Sacred Geometry for Artists, Dreamers, and Philosophers Secrets of Harmonic Creation.pdf","D:\Books\Reading Queue\Creativity\Sacred Geometry for Artists, Dreamers, and Philosophers Secrets of Harmonic Creation.pdf",.pdf,30106231,28.7 MB,True,False,converted,2026-03-20T16:02:24
204,Reading Queue,"Reading Queue/Database/Modern Database Management, 13th Edition conv.txt","D:\Books\Reading Queue\Database\Modern Database Management, 13th Edition conv.txt",.txt,2063439,2.0 MB,True,True,chunked,2026-03-20T16:02:24
205,Reading Queue,"Reading Queue/Database/Modern Database Management, 13th Edition.pdf","D:\Books\Reading Queue\Database\Modern Database Management, 13th Edition.pdf",.pdf,41489242,39.6 MB,True,False,converted,2026-03-20T16:02:24
206,Reading Queue,Reading Queue/DevOps/The Ansible Workshop.epub,D:\Books\Reading Queue\DevOps\The Ansible Workshop.epub,.epub,1470919,1.4 MB,True,True,chunked,2026-03-20T16:02:24
207,Reading Queue,Reading Queue/Foundations/Essentials of Computer Architecture.pdf,D:\Books\Reading Queue\Foundations\Essentials of Computer Architecture.pdf,.pdf,5963978,5.7 MB,True,False,converted,2026-03-20T16:02:24
208,Reading Queue,Reading Queue/Grammar/Complete English Punctuation Rules.pdf,D:\Books\Reading Queue\Grammar\Complete English Punctuation Rules.pdf,.pdf,1185696,1.1 MB,True,False,converted,2026-03-20T16:02:24
209,Reading Queue,Reading Queue/Grammar/Grammar by Diagram Workbook.pdf,D:\Books\Reading Queue\Grammar\Grammar by Diagram Workbook.pdf,.pdf,2837064,2.7 MB,True,False,converted,2026-03-20T16:02:24
210,Reading Queue,Reading Queue/Grammar/Grammar by Diagram – 3rd Edition.pdf,D:\Books\Reading Queue\Grammar\Grammar by Diagram – 3rd Edition.pdf,.pdf,4915609,4.7 MB,True,False,converted,2026-03-20T16:02:24
211,Reading Queue,Reading Queue/MDM/Mastering Microsoft Endpoint Manager.pdf,D:\Books\Reading Queue\MDM\Mastering Microsoft Endpoint Manager.pdf,.pdf,34416890,32.8 MB,True,False,converted,2026-03-20T16:02:24
212,Reading Queue,"Reading Queue/Networking/BIG-IP_Controller_Administrator_Guide,_version_3.3.pdf","D:\Books\Reading Queue\Networking\BIG-IP_Controller_Administrator_Guide,_version_3.3.pdf",.pdf,3221654,3.1 MB,True,False,converted,2026-03-20T16:02:24
213,Reading Queue,Reading Queue/VDI/Citrix/citrix-virtual-apps-and-desktops-7-2411.pdf,D:\Books\Reading Queue\VDI\Citrix\citrix-virtual-apps-and-desktops-7-2411.pdf,.pdf,70497548,67.2 MB,True,False,converted,2026-03-20T16:02:24
214,Reading Queue,Reading Queue/VDI/Citrix/netscaler-secure-deployment-guide.pdf,D:\Books\Reading Queue\VDI\Citrix\netscaler-secure-deployment-guide.pdf,.pdf,239909,234.3 KB,True,False,converted,2026-03-20T16:02:24
215,Reading Queue,Reading Queue/VDI/Citrix/workspace-environment-management-2411.pdf,D:\Books\Reading Queue\VDI\Citrix\workspace-environment-management-2411.pdf,.pdf,11628827,11.1 MB,True,False,converted,2026-03-20T16:02:24
220,Reading Queue,Reading Queue/VDI/Omnissa/Horizon_Client_Windows_2103_Horizon_Client_for_Windows_User_Guide.pdf,D:\Books\Reading Queue\VDI\Omnissa\Horizon_Client_Windows_2103_Horizon_Client_for_Windows_User_Guide.pdf,.pdf,765416,747.5 KB,True,False,converted,2026-03-20T16:02:24
216,Reading Queue,Reading Queue/VDI/Omnissa/deploying_and_configuring_omnissa_unified_access_gateway_guide_installation_steps_2025-05-09-15-22-34.pdf,D:\Books\Reading Queue\VDI\Omnissa\deploying_and_configuring_omnissa_unified_access_gateway_guide_installation_steps_2025-05-09-15-22-34.pdf,.pdf,2416022,2.3 MB,True,False,converted,2026-03-20T16:02:24
217,Reading Queue,Reading Queue/VDI/Omnissa/desktops_and_applications_in_omnissa_horizon_8_2025-05-27-13-55-42.pdf,D:\Books\Reading Queue\VDI\Omnissa\desktops_and_applications_in_omnissa_horizon_8_2025-05-27-13-55-42.pdf,.pdf,3595383,3.4 MB,True,False,converted,2026-03-20T16:02:24
218,Reading Queue,Reading Queue/VDI/Omnissa/directory_integration_with_omnissa_access.pdf,D:\Books\Reading Queue\VDI\Omnissa\directory_integration_with_omnissa_access.pdf,.pdf,1716101,1.6 MB,True,False,converted,2026-03-20T16:02:24
219,Reading Queue,Reading Queue/VDI/Omnissa/horizon_8_administration_2025-05-09-15-21-07.pdf,D:\Books\Reading Queue\VDI\Omnissa\horizon_8_administration_2025-05-09-15-21-07.pdf,.pdf,2679116,2.6 MB,True,False,converted,2026-03-20T16:02:24
221,Reading Queue,Reading Queue/VDI/Omnissa/linux_desktops_and_applications_in_omnissa_horizon_8_2025-05-27-14-05-23.pdf,D:\Books\Reading Queue\VDI\Omnissa\linux_desktops_and_applications_in_omnissa_horizon_8_2025-05-27-14-05-23.pdf,.pdf,1620264,1.5 MB,True,False,converted,2026-03-20T16:02:24
222,Reading Queue,Reading Queue/VDI/Omnissa/omnissa_app_volumes_install_guide_about_this_book_2025-05-09-15-25-35.pdf,D:\Books\Reading Queue\VDI\Omnissa\omnissa_app_volumes_install_guide_about_this_book_2025-05-09-15-25-35.pdf,.pdf,107347,104.8 KB,True,False,converted,2026-03-20T16:02:24
223,Reading Queue,Reading Queue/VDI/Omnissa/omnissa_dynamic_environment_manager_installation_and_configuration_guide_2025-05-28-12-46-21.pdf,D:\Books\Reading Queue\VDI\Omnissa\omnissa_dynamic_environment_manager_installation_and_configuration_guide_2025-05-28-12-46-21.pdf,.pdf,511673,499.7 KB,True,False,converted,2026-03-20T16:02:24
224,Reading Queue,Reading Queue/VDI/Omnissa/omnissa_horizon_8_installation_and_upgrade_2025-05-27-13-09-59.pdf,D:\Books\Reading Queue\VDI\Omnissa\omnissa_horizon_8_installation_and_upgrade_2025-05-27-13-09-59.pdf,.pdf,2961603,2.8 MB,True,False,converted,2026-03-20T16:02:24
225,Reading Queue,Reading Queue/VDI/Omnissa/omnissa_horizon_overview_and_deployment_2025-05-09-15-20-01.pdf,D:\Books\Reading Queue\VDI\Omnissa\omnissa_horizon_overview_and_deployment_2025-05-09-15-20-01.pdf,.pdf,3183102,3.0 MB,True,False,converted,2026-03-20T16:02:24
11,Science,Science/Introducing Meteorology A Guide to Weather.pdf,D:\Books\Science\Introducing Meteorology A Guide to Weather.pdf,.pdf,5332586,5.1 MB,True,False,converted,2026-03-20T16:02:23
12,Science,Science/Stephen-Hawking-A-Brief-History-of-Time-Bantam-1998.epub,D:\Books\Science\Stephen-Hawking-A-Brief-History-of-Time-Bantam-1998.epub,.epub,794687,776.1 KB,True,True,chunked,2026-03-20T16:02:23
13,Science,Science/The Beginning of Infinity.pdf,D:\Books\Science\The Beginning of Infinity.pdf,.pdf,2182138,2.1 MB,True,False,converted,2026-03-20T16:02:23
15,Science,Science/The Manga Guide to Physics.pdf,D:\Books\Science\The Manga Guide to Physics.pdf,.pdf,52100027,49.7 MB,True,False,converted,2026-03-20T16:02:23
14,Science,Science/The manga guide to electricity.pdf,D:\Books\Science\The manga guide to electricity.pdf,.pdf,14415253,13.7 MB,True,False,converted,2026-03-20T16:02:23
16,Science,Science/What Evolution Is.pdf,D:\Books\Science\What Evolution Is.pdf,.pdf,5877423,5.6 MB,True,False,converted,2026-03-20T16:02:23
17,Systems_Thinking,Systems_Thinking/Agile Coaching.pdf,D:\Books\Systems_Thinking\Agile Coaching.pdf,.pdf,8668189,8.3 MB,True,False,converted,2026-03-20T16:02:23
18,Systems_Thinking,"Systems_Thinking/Agile Project Management For Dummies, 2nd Edition.pdf","D:\Books\Systems_Thinking\Agile Project Management For Dummies, 2nd Edition.pdf",.pdf,9409778,9.0 MB,True,False,converted,2026-03-20T16:02:23
19,Systems_Thinking,Systems_Thinking/Being Agile Your Roadmap to Successful Adoption of Agile.pdf,D:\Books\Systems_Thinking\Being Agile Your Roadmap to Successful Adoption of Agile.pdf,.pdf,3480495,3.3 MB,True,False,converted,2026-03-20T16:02:23
20,Systems_Thinking,Systems_Thinking/Business Dynamics Systems Thinking and Modeling for a Complex World.pdf,D:\Books\Systems_Thinking\Business Dynamics Systems Thinking and Modeling for a Complex World.pdf,.pdf,199268293,190.0 MB,True,False,converted,2026-03-20T16:02:23
21,Systems_Thinking,"Systems_Thinking/Coaching Agile Teams A Companion for ScrumMasters, Agile Coaches, and Project Managers in Transition.pdf","D:\Books\Systems_Thinking\Coaching Agile Teams A Companion for ScrumMasters, Agile Coaches, and Project Managers in Transition.pdf",.pdf,33242306,31.7 MB,True,False,converted,2026-03-20T16:02:23
22,Systems_Thinking,Systems_Thinking/Coaching for Leadership The Practice of Leadership Coaching from the World's Greatest Coaches.pdf,D:\Books\Systems_Thinking\Coaching for Leadership The Practice of Leadership Coaching from the World's Greatest Coaches.pdf,.pdf,2778375,2.6 MB,True,False,converted,2026-03-20T16:02:23
23,Systems_Thinking,"Systems_Thinking/Connect Building Exceptional Relationships with Family, Friends, and Colleagues.epub","D:\Books\Systems_Thinking\Connect Building Exceptional Relationships with Family, Friends, and Colleagues.epub",.epub,1932392,1.8 MB,True,True,chunked,2026-03-20T16:02:23
226,Systems_Thinking,"Systems_Thinking/Game_Design/Game Mechanics, Advanced Game Design.pdf","D:\Books\Systems_Thinking\Game_Design\Game Mechanics, Advanced Game Design.pdf",.pdf,29226003,27.9 MB,True,False,converted,2026-03-20T16:02:24
227,Systems_Thinking,"Systems_Thinking/Game_Design/Games, Design and Play A Detailed Approach to Iterative Game Design.pdf","D:\Books\Systems_Thinking\Game_Design\Games, Design and Play A Detailed Approach to Iterative Game Design.pdf",.pdf,8692393,8.3 MB,True,False,converted,2026-03-20T16:02:24
228,Systems_Thinking,Systems_Thinking/Game_Design/The Art of Game Design - A Book of Lenses 2nd Edition.pdf,D:\Books\Systems_Thinking\Game_Design\The Art of Game Design - A Book of Lenses 2nd Edition.pdf,.pdf,15531690,14.8 MB,True,False,converted,2026-03-20T16:02:24
229,Systems_Thinking,Systems_Thinking/History_Politics/Beyond Capitalism & Socialism.epub,D:\Books\Systems_Thinking\History_Politics\Beyond Capitalism & Socialism.epub,.epub,2922003,2.8 MB,True,True,chunked,2026-03-20T16:02:24
230,Systems_Thinking,Systems_Thinking/History_Politics/Grand Narratives in Critical International Theory.epub,D:\Books\Systems_Thinking\History_Politics\Grand Narratives in Critical International Theory.epub,.epub,1836594,1.8 MB,True,True,chunked,2026-03-20T16:02:24
231,Systems_Thinking,"Systems_Thinking/History_Politics/Ian Morris - War! What Is It Good For Conflict and the Progress of Civilization from Primates to Robots-Farrar, Straus and Giroux (2014).epub","D:\Books\Systems_Thinking\History_Politics\Ian Morris - War! What Is It Good For Conflict and the Progress of Civilization from Primates to Robots-Farrar, Straus and Giroux (2014).epub",.epub,3604144,3.4 MB,True,True,chunked,2026-03-20T16:02:24
232,Systems_Thinking,Systems_Thinking/History_Politics/Introduction_to_Philosophy.pdf,D:\Books\Systems_Thinking\History_Politics\Introduction_to_Philosophy.pdf,.pdf,50629651,48.3 MB,True,False,converted,2026-03-20T16:02:24
233,Systems_Thinking,Systems_Thinking/History_Politics/Political Theory An Introduction.epub,D:\Books\Systems_Thinking\History_Politics\Political Theory An Introduction.epub,.epub,1120858,1.1 MB,True,True,chunked,2026-03-20T16:02:24
246,Systems_Thinking,"Systems_Thinking/History_Politics/Slav/Everything Was Forever, Until It Was No More The Last Soviet Generation.epub","D:\Books\Systems_Thinking\History_Politics\Slav\Everything Was Forever, Until It Was No More The Last Soviet Generation.epub",.epub,5288117,5.0 MB,True,True,chunked,2026-03-20T16:02:24
247,Systems_Thinking,Systems_Thinking/History_Politics/Slav/Hubris The Origins of Russia's War Against Ukraine.epub,D:\Books\Systems_Thinking\History_Politics\Slav\Hubris The Origins of Russia's War Against Ukraine.epub,.epub,4803251,4.6 MB,True,True,chunked,2026-03-20T16:02:24
248,Systems_Thinking,Systems_Thinking/History_Politics/Slav/Paul D'Anieri - Ukraine and Russia. From Civilized Divorce to Uncivil War-Cambridge University Press (2023).pdf,D:\Books\Systems_Thinking\History_Politics\Slav\Paul D'Anieri - Ukraine and Russia. From Civilized Divorce to Uncivil War-Cambridge University Press (2023).pdf,.pdf,4289505,4.1 MB,True,False,converted,2026-03-20T16:02:24
249,Systems_Thinking,"Systems_Thinking/History_Politics/Slav/Russian, My Daily - Russian Grammar for Beginners Textbook.mobi","D:\Books\Systems_Thinking\History_Politics\Slav\Russian, My Daily - Russian Grammar for Beginners Textbook.mobi",.mobi,6328448,6.0 MB,False,False,pending,2026-03-20T16:02:24
250,Systems_Thinking,Systems_Thinking/History_Politics/Slav/The Invention of Russia.pdf,D:\Books\Systems_Thinking\History_Politics\Slav\The Invention of Russia.pdf,.pdf,19563367,18.7 MB,True,False,converted,2026-03-20T16:02:24
251,Systems_Thinking,"Systems_Thinking/History_Politics/Slav/The Soviet Experiment - Russia, the USSR, and the Successor States.pdf","D:\Books\Systems_Thinking\History_Politics\Slav\The Soviet Experiment - Russia, the USSR, and the Successor States.pdf",.pdf,10756626,10.3 MB,True,False,converted,2026-03-20T16:02:24
252,Systems_Thinking,Systems_Thinking/History_Politics/Slav/The Tragedy of Ukraine.pdf,D:\Books\Systems_Thinking\History_Politics\Slav\The Tragedy of Ukraine.pdf,.pdf,8892298,8.5 MB,True,False,converted,2026-03-20T16:02:24
253,Systems_Thinking,"Systems_Thinking/History_Politics/Slav/Vasily Grossman - A Writer at War A Soviet Journalist with the Red Army, 1941-1945.epub","D:\Books\Systems_Thinking\History_Politics\Slav\Vasily Grossman - A Writer at War A Soviet Journalist with the Red Army, 1941-1945.epub",.epub,1598773,1.5 MB,True,True,chunked,2026-03-20T16:02:24
254,Systems_Thinking,"Systems_Thinking/History_Politics/Slav/Wendy Z. Goldman, Donald Filtzer - Fortress Dark and Stern The Soviet Home Front during World War II-Oxford University Press (2021).epub","D:\Books\Systems_Thinking\History_Politics\Slav\Wendy Z. Goldman, Donald Filtzer - Fortress Dark and Stern The Soviet Home Front during World War II-Oxford University Press (2021).epub",.epub,16261021,15.5 MB,True,True,chunked,2026-03-20T16:02:24
234,Systems_Thinking,Systems_Thinking/History_Politics/The Shock Doctrine - The Rise of Disaster Capitalism.epub,D:\Books\Systems_Thinking\History_Politics\The Shock Doctrine - The Rise of Disaster Capitalism.epub,.epub,746152,728.7 KB,True,True,chunked,2026-03-20T16:02:24
235,Systems_Thinking,Systems_Thinking/History_Politics/The Society of the Spectacle.epub,D:\Books\Systems_Thinking\History_Politics\The Society of the Spectacle.epub,.epub,9180143,8.8 MB,True,True,chunked,2026-03-20T16:02:24
236,Systems_Thinking,Systems_Thinking/History_Politics/The Tragedy of Great Power Politics.epub,D:\Books\Systems_Thinking\History_Politics\The Tragedy of Great Power Politics.epub,.epub,1222867,1.2 MB,True,True,chunked,2026-03-20T16:02:24
237,Systems_Thinking,Systems_Thinking/History_Politics/US History.pdf,D:\Books\Systems_Thinking\History_Politics\US History.pdf,.pdf,131222502,125.1 MB,True,False,converted,2026-03-20T16:02:24
238,Systems_Thinking,Systems_Thinking/History_Politics/World_History_Volume_1.pdf,D:\Books\Systems_Thinking\History_Politics\World_History_Volume_1.pdf,.pdf,199268293,190.0 MB,True,False,converted,2026-03-20T16:02:24
239,Systems_Thinking,Systems_Thinking/History_Politics/World_History_Volume_2.pdf,D:\Books\Systems_Thinking\History_Politics\World_History_Volume_2.pdf,.pdf,128693224,122.7 MB,True,False,converted,2026-03-20T16:02:24
24,Systems_Thinking,"Systems_Thinking/Ian Morris - Why the West Rules--for Now The Patterns of History, and What They Reveal About the Future-Farrar, Straus and Giroux (2010).epub","D:\Books\Systems_Thinking\Ian Morris - Why the West Rules--for Now The Patterns of History, and What They Reveal About the Future-Farrar, Straus and Giroux (2010).epub",.epub,3059340,2.9 MB,True,True,chunked,2026-03-20T16:02:23
25,Systems_Thinking,Systems_Thinking/Inner Excellence Train Your Mind for Extraordinary.pdf,D:\Books\Systems_Thinking\Inner Excellence Train Your Mind for Extraordinary.pdf,.pdf,2252154,2.1 MB,True,False,converted,2026-03-20T16:02:23
26,Systems_Thinking,Systems_Thinking/Kanban in Action.pdf,D:\Books\Systems_Thinking\Kanban in Action.pdf,.pdf,36538306,34.8 MB,True,False,converted,2026-03-20T16:02:23
27,Systems_Thinking,Systems_Thinking/PMI-ACP Project Management.pdf,D:\Books\Systems_Thinking\PMI-ACP Project Management.pdf,.pdf,10711647,10.2 MB,True,False,converted,2026-03-20T16:02:23
240,Systems_Thinking,Systems_Thinking/Philosophy/Eastern philosophy The Basics.epub,D:\Books\Systems_Thinking\Philosophy\Eastern philosophy The Basics.epub,.epub,17249495,16.5 MB,True,True,chunked,2026-03-20T16:02:24
241,Systems_Thinking,Systems_Thinking/Philosophy/Plato’s Republic.pdf,D:\Books\Systems_Thinking\Philosophy\Plato’s Republic.pdf,.pdf,1436912,1.4 MB,True,False,converted,2026-03-20T16:02:24
242,Systems_Thinking,Systems_Thinking/Philosophy/Psychosynthesis A Manual of Principles and Techniques.pdf,D:\Books\Systems_Thinking\Philosophy\Psychosynthesis A Manual of Principles and Techniques.pdf,.pdf,76596155,73.0 MB,True,False,converted,2026-03-20T16:02:24
243,Systems_Thinking,Systems_Thinking/Philosophy/The Ethics of Aristotle.pdf,D:\Books\Systems_Thinking\Philosophy\The Ethics of Aristotle.pdf,.pdf,1741173,1.7 MB,True,False,converted,2026-03-20T16:02:24
244,Systems_Thinking,Systems_Thinking/Philosophy/The Story of Philosophy.epub,D:\Books\Systems_Thinking\Philosophy\The Story of Philosophy.epub,.epub,2892477,2.8 MB,True,True,chunked,2026-03-20T16:02:24
28,Systems_Thinking,Systems_Thinking/Product Leadership How Top Product Managers Launch Awesome Products and Build Successful Teams.pdf,D:\Books\Systems_Thinking\Product Leadership How Top Product Managers Launch Awesome Products and Build Successful Teams.pdf,.pdf,11305842,10.8 MB,True,False,converted,2026-03-20T16:02:23
29,Systems_Thinking,Systems_Thinking/Reinventing Organization.pdf,D:\Books\Systems_Thinking\Reinventing Organization.pdf,.pdf,6970064,6.6 MB,True,False,converted,2026-03-20T16:02:23
30,Systems_Thinking,Systems_Thinking/Running Lean Iterate from Plan A to a Plan That Works.pdf,D:\Books\Systems_Thinking\Running Lean Iterate from Plan A to a Plan That Works.pdf,.pdf,8908985,8.5 MB,True,False,converted,2026-03-20T16:02:23
245,Systems_Thinking,Systems_Thinking/Self/The Anger Management Sourcebook.pdf,D:\Books\Systems_Thinking\Self\The Anger Management Sourcebook.pdf,.pdf,10846062,10.3 MB,True,False,converted,2026-03-20T16:02:24
31,Systems_Thinking,Systems_Thinking/Systems Analysis and Design.pdf,D:\Books\Systems_Thinking\Systems Analysis and Design.pdf,.pdf,39536095,37.7 MB,True,False,converted,2026-03-20T16:02:23
32,Systems_Thinking,"Systems_Thinking/Systems Thinking, Third Edition Managing Chaos and Complexity A Platform for Designing Business Architecture.pdf","D:\Books\Systems_Thinking\Systems Thinking, Third Edition Managing Chaos and Complexity A Platform for Designing Business Architecture.pdf",.pdf,4195043,4.0 MB,True,False,converted,2026-03-20T16:02:23
33,Systems_Thinking,Systems_Thinking/The Agile Enterprise Building and Running Agile Organizations.pdf,D:\Books\Systems_Thinking\The Agile Enterprise Building and Running Agile Organizations.pdf,.pdf,7423572,7.1 MB,True,False,converted,2026-03-20T16:02:23
34,Systems_Thinking,"Systems_Thinking/The Art Of Thinking In Systems Improve Your Logic, Think More Critically, And Use Proven Systems To Solve Your Problems - Strategic Planning For Everyday Life.pdf","D:\Books\Systems_Thinking\The Art Of Thinking In Systems Improve Your Logic, Think More Critically, And Use Proven Systems To Solve Your Problems - Strategic Planning For Everyday Life.pdf",.pdf,602471,588.4 KB,True,False,converted,2026-03-20T16:02:23
35,Systems_Thinking,Systems_Thinking/The Fifth Discipline.pdf,D:\Books\Systems_Thinking\The Fifth Discipline.pdf,.pdf,3743721,3.6 MB,True,False,converted,2026-03-20T16:02:23
36,Systems_Thinking,Systems_Thinking/The Intersection of Change Management and Lean Six Sigma The Basics for Black Belts and Change Agents.pdf,D:\Books\Systems_Thinking\The Intersection of Change Management and Lean Six Sigma The Basics for Black Belts and Change Agents.pdf,.pdf,4933747,4.7 MB,True,False,converted,2026-03-20T16:02:23
37,Systems_Thinking,Systems_Thinking/The Lean Book of Lean A Concise Guide to Lean Management for Life and Business.pdf,D:\Books\Systems_Thinking\The Lean Book of Lean A Concise Guide to Lean Management for Life and Business.pdf,.pdf,1505280,1.4 MB,True,False,converted,2026-03-20T16:02:23
38,Systems_Thinking,"Systems_Thinking/Thinking in Systems _ International Bestseller -- Donella H_ Meadows; edited by Diana Wright -- Lightning Source Inc_ (Tier 1), White River Junction, -- 9781603580557 -- d59592004bb766dd307cf28ae15fdbcf -- Anna’s Archiv.pdf","D:\Books\Systems_Thinking\Thinking in Systems _ International Bestseller -- Donella H_ Meadows; edited by Diana Wright -- Lightning Source Inc_ (Tier 1), White River Junction, -- 9781603580557 -- d59592004bb766dd307cf28ae15fdbcf -- Anna’s Archiv.pdf",.pdf,8774676,8.4 MB,True,False,converted,2026-03-20T16:02:23
39,Systems_Thinking,Systems_Thinking/User Stories Applied.pdf,D:\Books\Systems_Thinking\User Stories Applied.pdf,.pdf,1708334,1.6 MB,True,False,converted,2026-03-20T16:02:23
255,UVA,UVA/ISSS4063/EPUB_CONVERSION_GUIDE.md,D:\Books\UVA\ISSS4063\EPUB_CONVERSION_GUIDE.md,.md,13192,12.9 KB,True,True,chunked,2026-03-20T16:02:24
257,UVA,"UVA/ISSS4063/Fear And Loathing In America_ The Brutal Odyssey of an -- Hunter S_ Thompson; foreword by David Halberstam; edited by -- Simon & Schuster, New York, -- 9780684873152 -- 1eab0e160af415c177da0bc2ae8fe6aa -- Anna’s Archive.pdf","D:\Books\UVA\ISSS4063\Fear And Loathing In America_ The Brutal Odyssey of an -- Hunter S_ Thompson; foreword by David Halberstam; edited by -- Simon & Schuster, New York, -- 9780684873152 -- 1eab0e160af415c177da0bc2ae8fe6aa -- Anna’s Archive.pdf",.pdf,30853984,29.4 MB,True,False,converted,2026-03-20T16:02:24
286,UVA,UVA/ISSS4063/Fear and Loathing in America Text/Fear_and_Loathing_in_America_Part1_of_3.txt,D:\Books\UVA\ISSS4063\Fear and Loathing in America Text\Fear_and_Loathing_in_America_Part1_of_3.txt,.txt,652728,637.4 KB,True,True,chunked,2026-03-20T16:02:24
287,UVA,UVA/ISSS4063/Fear and Loathing in America Text/Fear_and_Loathing_in_America_Part2_of_3.txt,D:\Books\UVA\ISSS4063\Fear and Loathing in America Text\Fear_and_Loathing_in_America_Part2_of_3.txt,.txt,653195,637.9 KB,True,True,chunked,2026-03-20T16:02:24
288,UVA,UVA/ISSS4063/Fear and Loathing in America Text/Fear_and_Loathing_in_America_Part3_of_3.txt,D:\Books\UVA\ISSS4063\Fear and Loathing in America Text\Fear_and_Loathing_in_America_Part3_of_3.txt,.txt,652798,637.5 KB,True,True,chunked,2026-03-20T16:02:24
289,UVA,UVA/ISSS4063/Fear and Loathing in America Text/Full_Text.txt,D:\Books\UVA\ISSS4063\Fear and Loathing in America Text\Full_Text.txt,.txt,1958717,1.9 MB,True,True,chunked,2026-03-20T16:02:24
290,UVA,UVA/ISSS4063/Fear and Loathing in America Text/Split_Summary.txt,D:\Books\UVA\ISSS4063\Fear and Loathing in America Text\Split_Summary.txt,.txt,813,813.0 B,True,True,chunked,2026-03-20T16:02:24
256,UVA,UVA/ISSS4063/Fear and Loathing in America.epub,D:\Books\UVA\ISSS4063\Fear and Loathing in America.epub,.epub,5388671,5.1 MB,True,True,chunked,2026-03-20T16:02:24
291,UVA,UVA/ISSS4063/Fear and Loathing in Las Vegas Text/Fear and Loathing in Las Vegas_Full_Text.txt,D:\Books\UVA\ISSS4063\Fear and Loathing in Las Vegas Text\Fear and Loathing in Las Vegas_Full_Text.txt,.txt,339154,331.2 KB,True,True,chunked,2026-03-20T16:02:24
292,UVA,UVA/ISSS4063/Fear and Loathing in Las Vegas Text/Fear and Loathing in Las Vegas_Part1_of_3.txt,D:\Books\UVA\ISSS4063\Fear and Loathing in Las Vegas Text\Fear and Loathing in Las Vegas_Part1_of_3.txt,.txt,112852,110.2 KB,True,True,chunked,2026-03-20T16:02:24
293,UVA,UVA/ISSS4063/Fear and Loathing in Las Vegas Text/Fear and Loathing in Las Vegas_Part2_of_3.txt,D:\Books\UVA\ISSS4063\Fear and Loathing in Las Vegas Text\Fear and Loathing in Las Vegas_Part2_of_3.txt,.txt,113102,110.5 KB,True,True,chunked,2026-03-20T16:02:24
294,UVA,UVA/ISSS4063/Fear and Loathing in Las Vegas Text/Fear and Loathing in Las Vegas_Part3_of_3.txt,D:\Books\UVA\ISSS4063\Fear and Loathing in Las Vegas Text\Fear and Loathing in Las Vegas_Part3_of_3.txt,.txt,113204,110.6 KB,True,True,chunked,2026-03-20T16:02:24
295,UVA,UVA/ISSS4063/Fear and Loathing in Las Vegas Text/Fear and Loathing in Las Vegas_Split_Summary.txt,D:\Books\UVA\ISSS4063\Fear and Loathing in Las Vegas Text\Fear and Loathing in Las Vegas_Split_Summary.txt,.txt,1443,1.4 KB,True,True,chunked,2026-03-20T16:02:24
296,UVA,UVA/ISSS4063/Fear and Loathing on the Campaign Trail '72 Text/Campaign_Trail_72_Full_Text.txt,D:\Books\UVA\ISSS4063\Fear and Loathing on the Campaign Trail '72 Text\Campaign_Trail_72_Full_Text.txt,.txt,991943,968.7 KB,True,True,chunked,2026-03-20T16:02:24
297,UVA,UVA/ISSS4063/Fear and Loathing on the Campaign Trail '72 Text/Campaign_Trail_72_Part1_of_3.txt,D:\Books\UVA\ISSS4063\Fear and Loathing on the Campaign Trail '72 Text\Campaign_Trail_72_Part1_of_3.txt,.txt,330641,322.9 KB,True,True,chunked,2026-03-20T16:02:24
298,UVA,UVA/ISSS4063/Fear and Loathing on the Campaign Trail '72 Text/Campaign_Trail_72_Part2_of_3.txt,D:\Books\UVA\ISSS4063\Fear and Loathing on the Campaign Trail '72 Text\Campaign_Trail_72_Part2_of_3.txt,.txt,330649,322.9 KB,True,True,chunked,2026-03-20T16:02:24
299,UVA,UVA/ISSS4063/Fear and Loathing on the Campaign Trail '72 Text/Campaign_Trail_72_Part3_of_3.txt,D:\Books\UVA\ISSS4063\Fear and Loathing on the Campaign Trail '72 Text\Campaign_Trail_72_Part3_of_3.txt,.txt,330657,322.9 KB,False,False,pending,2026-03-20T16:02:24
300,UVA,UVA/ISSS4063/Fear and Loathing on the Campaign Trail '72 Text/Campaign_Trail_72_Split_Summary.txt,D:\Books\UVA\ISSS4063\Fear and Loathing on the Campaign Trail '72 Text\Campaign_Trail_72_Split_Summary.txt,.txt,1443,1.4 KB,True,True,chunked,2026-03-20T16:02:24
259,UVA,UVA/ISSS4063/Fear and Loathing on the Campaign Trail '72.epub,D:\Books\UVA\ISSS4063\Fear and Loathing on the Campaign Trail '72.epub,.epub,8523166,8.1 MB,True,True,chunked,2026-03-20T16:02:24
258,UVA,UVA/ISSS4063/Fear and loathing in Las Vegas.epub,D:\Books\UVA\ISSS4063\Fear and loathing in Las Vegas.epub,.epub,2132784,2.0 MB,True,True,chunked,2026-03-20T16:02:24
301,UVA,UVA/ISSS4063/Generation of Swine -Tales of Shame and Degradation Text/Generation_of_Swine_Full_Text.txt,D:\Books\UVA\ISSS4063\Generation of Swine -Tales of Shame and Degradation Text\Generation_of_Swine_Full_Text.txt,.txt,652080,636.8 KB,True,True,chunked,2026-03-20T16:02:24
302,UVA,UVA/ISSS4063/Generation of Swine -Tales of Shame and Degradation Text/Generation_of_Swine_Part1_of_3.txt,D:\Books\UVA\ISSS4063\Generation of Swine -Tales of Shame and Degradation Text\Generation_of_Swine_Part1_of_3.txt,.txt,217447,212.4 KB,True,True,chunked,2026-03-20T16:02:24
303,UVA,UVA/ISSS4063/Generation of Swine -Tales of Shame and Degradation Text/Generation_of_Swine_Part2_of_3.txt,D:\Books\UVA\ISSS4063\Generation of Swine -Tales of Shame and Degradation Text\Generation_of_Swine_Part2_of_3.txt,.txt,217335,212.2 KB,True,True,chunked,2026-03-20T16:02:24
304,UVA,UVA/ISSS4063/Generation of Swine -Tales of Shame and Degradation Text/Generation_of_Swine_Part3_of_3.txt,D:\Books\UVA\ISSS4063\Generation of Swine -Tales of Shame and Degradation Text\Generation_of_Swine_Part3_of_3.txt,.txt,217302,212.2 KB,True,True,chunked,2026-03-20T16:02:24
305,UVA,UVA/ISSS4063/Generation of Swine -Tales of Shame and Degradation Text/Generation_of_Swine_Split_Summary.txt,D:\Books\UVA\ISSS4063\Generation of Swine -Tales of Shame and Degradation Text\Generation_of_Swine_Split_Summary.txt,.txt,1494,1.5 KB,True,True,chunked,2026-03-20T16:02:24
260,UVA,UVA/ISSS4063/Generation of Swine -Tales of Shame and Degradation.epub,D:\Books\UVA\ISSS4063\Generation of Swine -Tales of Shame and Degradation.epub,.epub,4248798,4.1 MB,True,True,chunked,2026-03-20T16:02:24
261,UVA,UVA/ISSS4063/Hell's Angels - A Strange and Terrible Saga.epub,D:\Books\UVA\ISSS4063\Hell's Angels - A Strange and Terrible Saga.epub,.epub,364124,355.6 KB,True,True,chunked,2026-03-20T16:02:24
306,UVA,UVA/ISSS4063/Hell's Angels Text/Hell's Angels - A Strange and Terrible Saga_Part1_of_3.txt,D:\Books\UVA\ISSS4063\Hell's Angels Text\Hell's Angels - A Strange and Terrible Saga_Part1_of_3.txt,.txt,212501,207.5 KB,True,True,chunked,2026-03-20T16:02:24
307,UVA,UVA/ISSS4063/Hell's Angels Text/Hell's Angels - A Strange and Terrible Saga_Part2_of_3.txt,D:\Books\UVA\ISSS4063\Hell's Angels Text\Hell's Angels - A Strange and Terrible Saga_Part2_of_3.txt,.txt,212464,207.5 KB,True,True,chunked,2026-03-20T16:02:24
308,UVA,UVA/ISSS4063/Hell's Angels Text/Hell's Angels - A Strange and Terrible Saga_Part3_of_3.txt,D:\Books\UVA\ISSS4063\Hell's Angels Text\Hell's Angels - A Strange and Terrible Saga_Part3_of_3.txt,.txt,175705,171.6 KB,True,True,chunked,2026-03-20T16:02:24
309,UVA,UVA/ISSS4063/Hey Rube Text/Hey Rube_Full_Text.txt,D:\Books\UVA\ISSS4063\Hey Rube Text\Hey Rube_Full_Text.txt,.txt,459439,448.7 KB,True,True,chunked,2026-03-20T16:02:24
310,UVA,UVA/ISSS4063/Hey Rube Text/Hey Rube_Part1_of_3.txt,D:\Books\UVA\ISSS4063\Hey Rube Text\Hey Rube_Part1_of_3.txt,.txt,153147,149.6 KB,True,True,chunked,2026-03-20T16:02:24
311,UVA,UVA/ISSS4063/Hey Rube Text/Hey Rube_Part2_of_3.txt,D:\Books\UVA\ISSS4063\Hey Rube Text\Hey Rube_Part2_of_3.txt,.txt,153147,149.6 KB,True,True,chunked,2026-03-20T16:02:24
312,UVA,UVA/ISSS4063/Hey Rube Text/Hey Rube_Part3_of_3.txt,D:\Books\UVA\ISSS4063\Hey Rube Text\Hey Rube_Part3_of_3.txt,.txt,153149,149.6 KB,True,True,chunked,2026-03-20T16:02:24
313,UVA,UVA/ISSS4063/Hey Rube Text/Hey Rube_Split_Summary.txt,D:\Books\UVA\ISSS4063\Hey Rube Text\Hey Rube_Split_Summary.txt,.txt,1223,1.2 KB,True,True,chunked,2026-03-20T16:02:24
262,UVA,UVA/ISSS4063/Hey Rube.epub,D:\Books\UVA\ISSS4063\Hey Rube.epub,.epub,811300,792.3 KB,True,True,chunked,2026-03-20T16:02:24
314,UVA,UVA/ISSS4063/Kingdom of Fear Text/Kingdom of Fear_Full_Text.txt,D:\Books\UVA\ISSS4063\Kingdom of Fear Text\Kingdom of Fear_Full_Text.txt,.txt,614212,599.8 KB,True,True,chunked,2026-03-20T16:02:24
315,UVA,UVA/ISSS4063/Kingdom of Fear Text/Kingdom of Fear_Part1_of_3.txt,D:\Books\UVA\ISSS4063\Kingdom of Fear Text\Kingdom of Fear_Part1_of_3.txt,.txt,204921,200.1 KB,True,True,chunked,2026-03-20T16:02:24
316,UVA,UVA/ISSS4063/Kingdom of Fear Text/Kingdom of Fear_Part2_of_3.txt,D:\Books\UVA\ISSS4063\Kingdom of Fear Text\Kingdom of Fear_Part2_of_3.txt,.txt,204340,199.6 KB,True,True,chunked,2026-03-20T16:02:24
317,UVA,UVA/ISSS4063/Kingdom of Fear Text/Kingdom of Fear_Part3_of_3.txt,D:\Books\UVA\ISSS4063\Kingdom of Fear Text\Kingdom of Fear_Part3_of_3.txt,.txt,204955,200.2 KB,True,True,chunked,2026-03-20T16:02:24
318,UVA,UVA/ISSS4063/Kingdom of Fear Text/Kingdom of Fear_Split_Summary.txt,D:\Books\UVA\ISSS4063\Kingdom of Fear Text\Kingdom of Fear_Split_Summary.txt,.txt,1293,1.3 KB,True,True,chunked,2026-03-20T16:02:24
263,UVA,UVA/ISSS4063/Kingdom of Fear.epub,D:\Books\UVA\ISSS4063\Kingdom of Fear.epub,.epub,2977332,2.8 MB,True,True,chunked,2026-03-20T16:02:24
319,UVA,UVA/ISSS4063/Lectures/1. The Mouseketeers Club_-English.txt,D:\Books\UVA\ISSS4063\Lectures\1. The Mouseketeers Club_-English.txt,.txt,24127,23.6 KB,True,True,chunked,2026-03-20T16:02:24
320,UVA,UVA/ISSS4063/Lectures/HST S26 WI LII (of 3) _Never Trust The Man_-English.txt,D:\Books\UVA\ISSS4063\Lectures\HST S26 WI LII (of 3) _Never Trust The Man_-English.txt,.txt,27410,26.8 KB,False,False,pending,2026-03-20T16:02:24
321,UVA,UVA/ISSS4063/Lectures/HST SP 26 WI LIII (of 3) _The Medium is The Message_-English.txt,D:\Books\UVA\ISSS4063\Lectures\HST SP 26 WI LIII (of 3) _The Medium is The Message_-English.txt,.txt,25572,25.0 KB,True,True,chunked,2026-03-20T16:02:24
322,UVA,UVA/ISSS4063/Lectures/Lecture01_Mouseketeers_Club_Analysis.md,D:\Books\UVA\ISSS4063\Lectures\Lecture01_Mouseketeers_Club_Analysis.md,.md,8174,8.0 KB,True,True,chunked,2026-03-20T16:02:24
323,UVA,UVA/ISSS4063/Lectures/Lecture_Analysis_Tracker.md,D:\Books\UVA\ISSS4063\Lectures\Lecture_Analysis_Tracker.md,.md,2170,2.1 KB,True,True,chunked,2026-03-20T16:02:24
264,UVA,UVA/ISSS4063/PROCESSING_SUMMARY.md,D:\Books\UVA\ISSS4063\PROCESSING_SUMMARY.md,.md,9380,9.2 KB,True,True,chunked,2026-03-20T16:02:24
324,UVA,"UVA/ISSS4063/Paper/Blood, Sweat, and Pixels [eBook - NC Digital Library] _ The -- Jason Schreier -- Place of publication not identified, 2017 -- HarperCollins Publishers -- 9780062651242 -- 1537e944f34c4f031899a4a71f00cc37 -- Anna’s Arch.epub","D:\Books\UVA\ISSS4063\Paper\Blood, Sweat, and Pixels [eBook - NC Digital Library] _ The -- Jason Schreier -- Place of publication not identified, 2017 -- HarperCollins Publishers -- 9780062651242 -- 1537e944f34c4f031899a4a71f00cc37 -- Anna’s Arch.epub",.epub,979712,956.8 KB,True,True,chunked,2026-03-20T16:02:24
325,UVA,"UVA/ISSS4063/Paper/Newsgames_ Journalism at Play (The MIT Press) -- Bogost, Ian;Ferrari, Simone;Schweitzer, Bobby -- MIT Press, Cambridge, Mass, 2010 -- The MIT Press -- 9780262014878 -- e462818d98633eddc7ac7a850b8a4bc9 -- Anna’s Archive.epub","D:\Books\UVA\ISSS4063\Paper\Newsgames_ Journalism at Play (The MIT Press) -- Bogost, Ian;Ferrari, Simone;Schweitzer, Bobby -- MIT Press, Cambridge, Mass, 2010 -- The MIT Press -- 9780262014878 -- e462818d98633eddc7ac7a850b8a4bc9 -- Anna’s Archive.epub",.epub,15251873,14.5 MB,True,True,chunked,2026-03-20T16:02:24
326,UVA,"UVA/ISSS4063/Paper/Up Up Down Down Left WRITE · The Freelance Guide to Video -- Meunier, Nathan -- United States, 2013 -- Kung Fu Grip Press -- 9780989533508 -- 4f010b8fe00834aca80bd061f0cb0678 -- Anna’s Archive.epub","D:\Books\UVA\ISSS4063\Paper\Up Up Down Down Left WRITE · The Freelance Guide to Video -- Meunier, Nathan -- United States, 2013 -- Kung Fu Grip Press -- 9780989533508 -- 4f010b8fe00834aca80bd061f0cb0678 -- Anna’s Archive.epub",.epub,426317,416.3 KB,True,True,chunked,2026-03-20T16:02:24
332,UVA,"UVA/ISSS4063/Paper/txt_parts_3/Blood, Sweat, and Pixels [eBook - NC Digital Library] _ The -- Jason Schreier -- Place of publication not identified, 2017 -- HarperCollins Publishers -- 9780062651242 -- 1537e944f34c4f031899a4a71f00cc37 -- Anna’s Arch_Part1_of_3.txt","D:\Books\UVA\ISSS4063\Paper\txt_parts_3\Blood, Sweat, and Pixels [eBook - NC Digital Library] _ The -- Jason Schreier -- Place of publication not identified, 2017 -- HarperCollins Publishers -- 9780062651242 -- 1537e944f34c4f031899a4a71f00cc37 -- Anna’s Arch_Part1_of_3.txt",.txt,237445,231.9 KB,True,True,chunked,2026-03-20T16:02:24
333,UVA,"UVA/ISSS4063/Paper/txt_parts_3/Blood, Sweat, and Pixels [eBook - NC Digital Library] _ The -- Jason Schreier -- Place of publication not identified, 2017 -- HarperCollins Publishers -- 9780062651242 -- 1537e944f34c4f031899a4a71f00cc37 -- Anna’s Arch_Part2_of_3.txt","D:\Books\UVA\ISSS4063\Paper\txt_parts_3\Blood, Sweat, and Pixels [eBook - NC Digital Library] _ The -- Jason Schreier -- Place of publication not identified, 2017 -- HarperCollins Publishers -- 9780062651242 -- 1537e944f34c4f031899a4a71f00cc37 -- Anna’s Arch_Part2_of_3.txt",.txt,216693,211.6 KB,True,True,chunked,2026-03-20T16:02:24
334,UVA,"UVA/ISSS4063/Paper/txt_parts_3/Blood, Sweat, and Pixels [eBook - NC Digital Library] _ The -- Jason Schreier -- Place of publication not identified, 2017 -- HarperCollins Publishers -- 9780062651242 -- 1537e944f34c4f031899a4a71f00cc37 -- Anna’s Arch_Part3_of_3.txt","D:\Books\UVA\ISSS4063\Paper\txt_parts_3\Blood, Sweat, and Pixels [eBook - NC Digital Library] _ The -- Jason Schreier -- Place of publication not identified, 2017 -- HarperCollins Publishers -- 9780062651242 -- 1537e944f34c4f031899a4a71f00cc37 -- Anna’s Arch_Part3_of_3.txt",.txt,146279,142.9 KB,True,True,chunked,2026-03-20T16:02:24
335,UVA,"UVA/ISSS4063/Paper/txt_parts_3/Newsgames_ Journalism at Play (The MIT Press) -- Bogost, Ian;Ferrari, Simone;Schweitzer, Bobby -- MIT Press, Cambridge, Mass, 2010 -- The MIT Press -- 9780262014878 -- e462818d98633eddc7ac7a850b8a4bc9 -- Anna’s Archive_Part1_of_3.txt","D:\Books\UVA\ISSS4063\Paper\txt_parts_3\Newsgames_ Journalism at Play (The MIT Press) -- Bogost, Ian;Ferrari, Simone;Schweitzer, Bobby -- MIT Press, Cambridge, Mass, 2010 -- The MIT Press -- 9780262014878 -- e462818d98633eddc7ac7a850b8a4bc9 -- Anna’s Archive_Part1_of_3.txt",.txt,186399,182.0 KB,True,True,chunked,2026-03-20T16:02:24
336,UVA,"UVA/ISSS4063/Paper/txt_parts_3/Newsgames_ Journalism at Play (The MIT Press) -- Bogost, Ian;Ferrari, Simone;Schweitzer, Bobby -- MIT Press, Cambridge, Mass, 2010 -- The MIT Press -- 9780262014878 -- e462818d98633eddc7ac7a850b8a4bc9 -- Anna’s Archive_Part2_of_3.txt","D:\Books\UVA\ISSS4063\Paper\txt_parts_3\Newsgames_ Journalism at Play (The MIT Press) -- Bogost, Ian;Ferrari, Simone;Schweitzer, Bobby -- MIT Press, Cambridge, Mass, 2010 -- The MIT Press -- 9780262014878 -- e462818d98633eddc7ac7a850b8a4bc9 -- Anna’s Archive_Part2_of_3.txt",.txt,207478,202.6 KB,True,True,chunked,2026-03-20T16:02:24
337,UVA,"UVA/ISSS4063/Paper/txt_parts_3/Newsgames_ Journalism at Play (The MIT Press) -- Bogost, Ian;Ferrari, Simone;Schweitzer, Bobby -- MIT Press, Cambridge, Mass, 2010 -- The MIT Press -- 9780262014878 -- e462818d98633eddc7ac7a850b8a4bc9 -- Anna’s Archive_Part3_of_3.txt","D:\Books\UVA\ISSS4063\Paper\txt_parts_3\Newsgames_ Journalism at Play (The MIT Press) -- Bogost, Ian;Ferrari, Simone;Schweitzer, Bobby -- MIT Press, Cambridge, Mass, 2010 -- The MIT Press -- 9780262014878 -- e462818d98633eddc7ac7a850b8a4bc9 -- Anna’s Archive_Part3_of_3.txt",.txt,130613,127.6 KB,True,True,chunked,2026-03-20T16:02:24
338,UVA,"UVA/ISSS4063/Paper/txt_parts_3/Up Up Down Down Left WRITE · The Freelance Guide to Video -- Meunier, Nathan -- United States, 2013 -- Kung Fu Grip Press -- 9780989533508 -- 4f010b8fe00834aca80bd061f0cb0678 -- Anna’s Archive_Part1_of_2.txt","D:\Books\UVA\ISSS4063\Paper\txt_parts_3\Up Up Down Down Left WRITE · The Freelance Guide to Video -- Meunier, Nathan -- United States, 2013 -- Kung Fu Grip Press -- 9780989533508 -- 4f010b8fe00834aca80bd061f0cb0678 -- Anna’s Archive_Part1_of_2.txt",.txt,188868,184.4 KB,True,True,chunked,2026-03-20T16:02:24
339,UVA,"UVA/ISSS4063/Paper/txt_parts_3/Up Up Down Down Left WRITE · The Freelance Guide to Video -- Meunier, Nathan -- United States, 2013 -- Kung Fu Grip Press -- 9780989533508 -- 4f010b8fe00834aca80bd061f0cb0678 -- Anna’s Archive_Part2_of_2.txt","D:\Books\UVA\ISSS4063\Paper\txt_parts_3\Up Up Down Down Left WRITE · The Freelance Guide to Video -- Meunier, Nathan -- United States, 2013 -- Kung Fu Grip Press -- 9780989533508 -- 4f010b8fe00834aca80bd061f0cb0678 -- Anna’s Archive_Part2_of_2.txt",.txt,182164,177.9 KB,True,True,chunked,2026-03-20T16:02:24
340,UVA,"UVA/ISSS4063/Paper/txt_parts_3_strict/Blood, Sweat, and Pixels [eBook - NC Digital Library] _ The -- Jason Schreier -- Place of publication not identified, 2017 -- HarperCollins Publishers -- 9780062651242 -- 1537e944f34c4f031899a4a71f00cc37 -- Anna’s Arch_Part1_of_3.txt","D:\Books\UVA\ISSS4063\Paper\txt_parts_3_strict\Blood, Sweat, and Pixels [eBook - NC Digital Library] _ The -- Jason Schreier -- Place of publication not identified, 2017 -- HarperCollins Publishers -- 9780062651242 -- 1537e944f34c4f031899a4a71f00cc37 -- Anna’s Arch_Part1_of_3.txt",.txt,237445,231.9 KB,True,True,chunked,2026-03-20T16:02:24
341,UVA,"UVA/ISSS4063/Paper/txt_parts_3_strict/Blood, Sweat, and Pixels [eBook - NC Digital Library] _ The -- Jason Schreier -- Place of publication not identified, 2017 -- HarperCollins Publishers -- 9780062651242 -- 1537e944f34c4f031899a4a71f00cc37 -- Anna’s Arch_Part2_of_3.txt","D:\Books\UVA\ISSS4063\Paper\txt_parts_3_strict\Blood, Sweat, and Pixels [eBook - NC Digital Library] _ The -- Jason Schreier -- Place of publication not identified, 2017 -- HarperCollins Publishers -- 9780062651242 -- 1537e944f34c4f031899a4a71f00cc37 -- Anna’s Arch_Part2_of_3.txt",.txt,216693,211.6 KB,True,True,chunked,2026-03-20T16:02:24
342,UVA,"UVA/ISSS4063/Paper/txt_parts_3_strict/Blood, Sweat, and Pixels [eBook - NC Digital Library] _ The -- Jason Schreier -- Place of publication not identified, 2017 -- HarperCollins Publishers -- 9780062651242 -- 1537e944f34c4f031899a4a71f00cc37 -- Anna’s Arch_Part3_of_3.txt","D:\Books\UVA\ISSS4063\Paper\txt_parts_3_strict\Blood, Sweat, and Pixels [eBook - NC Digital Library] _ The -- Jason Schreier -- Place of publication not identified, 2017 -- HarperCollins Publishers -- 9780062651242 -- 1537e944f34c4f031899a4a71f00cc37 -- Anna’s Arch_Part3_of_3.txt",.txt,146279,142.9 KB,True,True,chunked,2026-03-20T16:02:24
343,UVA,"UVA/ISSS4063/Paper/txt_parts_3_strict/Newsgames_ Journalism at Play (The MIT Press) -- Bogost, Ian;Ferrari, Simone;Schweitzer, Bobby -- MIT Press, Cambridge, Mass, 2010 -- The MIT Press -- 9780262014878 -- e462818d98633eddc7ac7a850b8a4bc9 -- Anna’s Archive_Part1_of_3.txt","D:\Books\UVA\ISSS4063\Paper\txt_parts_3_strict\Newsgames_ Journalism at Play (The MIT Press) -- Bogost, Ian;Ferrari, Simone;Schweitzer, Bobby -- MIT Press, Cambridge, Mass, 2010 -- The MIT Press -- 9780262014878 -- e462818d98633eddc7ac7a850b8a4bc9 -- Anna’s Archive_Part1_of_3.txt",.txt,186399,182.0 KB,True,True,chunked,2026-03-20T16:02:24
344,UVA,"UVA/ISSS4063/Paper/txt_parts_3_strict/Newsgames_ Journalism at Play (The MIT Press) -- Bogost, Ian;Ferrari, Simone;Schweitzer, Bobby -- MIT Press, Cambridge, Mass, 2010 -- The MIT Press -- 9780262014878 -- e462818d98633eddc7ac7a850b8a4bc9 -- Anna’s Archive_Part2_of_3.txt","D:\Books\UVA\ISSS4063\Paper\txt_parts_3_strict\Newsgames_ Journalism at Play (The MIT Press) -- Bogost, Ian;Ferrari, Simone;Schweitzer, Bobby -- MIT Press, Cambridge, Mass, 2010 -- The MIT Press -- 9780262014878 -- e462818d98633eddc7ac7a850b8a4bc9 -- Anna’s Archive_Part2_of_3.txt",.txt,207478,202.6 KB,True,True,chunked,2026-03-20T16:02:24
345,UVA,"UVA/ISSS4063/Paper/txt_parts_3_strict/Newsgames_ Journalism at Play (The MIT Press) -- Bogost, Ian;Ferrari, Simone;Schweitzer, Bobby -- MIT Press, Cambridge, Mass, 2010 -- The MIT Press -- 9780262014878 -- e462818d98633eddc7ac7a850b8a4bc9 -- Anna’s Archive_Part3_of_3.txt","D:\Books\UVA\ISSS4063\Paper\txt_parts_3_strict\Newsgames_ Journalism at Play (The MIT Press) -- Bogost, Ian;Ferrari, Simone;Schweitzer, Bobby -- MIT Press, Cambridge, Mass, 2010 -- The MIT Press -- 9780262014878 -- e462818d98633eddc7ac7a850b8a4bc9 -- Anna’s Archive_Part3_of_3.txt",.txt,130613,127.6 KB,True,True,chunked,2026-03-20T16:02:24
346,UVA,"UVA/ISSS4063/Paper/txt_parts_3_strict/Up Up Down Down Left WRITE · The Freelance Guide to Video -- Meunier, Nathan -- United States, 2013 -- Kung Fu Grip Press -- 9780989533508 -- 4f010b8fe00834aca80bd061f0cb0678 -- Anna’s Archive_Part1_of_3.txt","D:\Books\UVA\ISSS4063\Paper\txt_parts_3_strict\Up Up Down Down Left WRITE · The Freelance Guide to Video -- Meunier, Nathan -- United States, 2013 -- Kung Fu Grip Press -- 9780989533508 -- 4f010b8fe00834aca80bd061f0cb0678 -- Anna’s Archive_Part1_of_3.txt",.txt,30488,29.8 KB,True,True,chunked,2026-03-20T16:02:24
347,UVA,"UVA/ISSS4063/Paper/txt_parts_3_strict/Up Up Down Down Left WRITE · The Freelance Guide to Video -- Meunier, Nathan -- United States, 2013 -- Kung Fu Grip Press -- 9780989533508 -- 4f010b8fe00834aca80bd061f0cb0678 -- Anna’s Archive_Part2_of_3.txt","D:\Books\UVA\ISSS4063\Paper\txt_parts_3_strict\Up Up Down Down Left WRITE · The Freelance Guide to Video -- Meunier, Nathan -- United States, 2013 -- Kung Fu Grip Press -- 9780989533508 -- 4f010b8fe00834aca80bd061f0cb0678 -- Anna’s Archive_Part2_of_3.txt",.txt,158757,155.0 KB,True,True,chunked,2026-03-20T16:02:24
348,UVA,"UVA/ISSS4063/Paper/txt_parts_3_strict/Up Up Down Down Left WRITE · The Freelance Guide to Video -- Meunier, Nathan -- United States, 2013 -- Kung Fu Grip Press -- 9780989533508 -- 4f010b8fe00834aca80bd061f0cb0678 -- Anna’s Archive_Part3_of_3.txt","D:\Books\UVA\ISSS4063\Paper\txt_parts_3_strict\Up Up Down Down Left WRITE · The Freelance Guide to Video -- Meunier, Nathan -- United States, 2013 -- Kung Fu Grip Press -- 9780989533508 -- 4f010b8fe00834aca80bd061f0cb0678 -- Anna’s Archive_Part3_of_3.txt",.txt,182164,177.9 KB,True,True,chunked,2026-03-20T16:02:24
265,UVA,UVA/ISSS4063/The Movement Made Us.epub,D:\Books\UVA\ISSS4063\The Movement Made Us.epub,.epub,5430033,5.2 MB,True,True,chunked,2026-03-20T16:02:24
327,UVA,UVA/ISSS4063/The Rum Diary Text/The Rum Diary_Full_Text.txt,D:\Books\UVA\ISSS4063\The Rum Diary Text\The Rum Diary_Full_Text.txt,.txt,370664,362.0 KB,True,True,chunked,2026-03-20T16:02:24
328,UVA,UVA/ISSS4063/The Rum Diary Text/The Rum Diary_Part1_of_3.txt,D:\Books\UVA\ISSS4063\The Rum Diary Text\The Rum Diary_Part1_of_3.txt,.txt,123540,120.6 KB,True,True,chunked,2026-03-20T16:02:24
329,UVA,UVA/ISSS4063/The Rum Diary Text/The Rum Diary_Part2_of_3.txt,D:\Books\UVA\ISSS4063\The Rum Diary Text\The Rum Diary_Part2_of_3.txt,.txt,124020,121.1 KB,True,True,chunked,2026-03-20T16:02:24
330,UVA,UVA/ISSS4063/The Rum Diary Text/The Rum Diary_Part3_of_3.txt,D:\Books\UVA\ISSS4063\The Rum Diary Text\The Rum Diary_Part3_of_3.txt,.txt,123108,120.2 KB,True,True,chunked,2026-03-20T16:02:24
331,UVA,UVA/ISSS4063/The Rum Diary Text/The Rum Diary_Split_Summary.txt,D:\Books\UVA\ISSS4063\The Rum Diary Text\The Rum Diary_Split_Summary.txt,.txt,1273,1.2 KB,True,True,chunked,2026-03-20T16:02:24
266,UVA,UVA/ISSS4063/The Rum Diary.epub,D:\Books\UVA\ISSS4063\The Rum Diary.epub,.epub,210695,205.8 KB,True,True,chunked,2026-03-20T16:02:24
267,UVA,"UVA/IT3100/AWS for System Administrators, Second Edition.pdf","D:\Books\UVA\IT3100\AWS for System Administrators, Second Edition.pdf",.pdf,33945665,32.4 MB,True,True,chunked,2026-03-20T16:02:24
268,UVA,"UVA/IT3100/AWS for System Administrators, Second Edition.txt","D:\Books\UVA\IT3100\AWS for System Administrators, Second Edition.txt",.txt,609730,595.4 KB,True,True,chunked,2026-03-20T16:02:24
269,UVA,UVA/IT3100/System Design on AWS.pdf,D:\Books\UVA\IT3100\System Design on AWS.pdf,.pdf,15288720,14.6 MB,True,True,chunked,2026-03-20T16:02:24
270,UVA,UVA/IT3100/System Design on AWS.txt,D:\Books\UVA\IT3100\System Design on AWS.txt,.txt,1292672,1.2 MB,True,True,chunked,2026-03-20T16:02:24
271,UVA,UVA/IT4400/Chapter1-The PHP Programming with MySQL Extract[23-94].pdf,D:\Books\UVA\IT4400\Chapter1-The PHP Programming with MySQL Extract[23-94].pdf,.pdf,1573327,1.5 MB,True,False,converted,2026-03-20T16:02:24
272,UVA,UVA/IT4400/Chapter10-The PHP Programming with MySQL Extract[577-640].pdf,D:\Books\UVA\IT4400\Chapter10-The PHP Programming with MySQL Extract[577-640].pdf,.pdf,1070781,1.0 MB,True,False,converted,2026-03-20T16:02:24
273,UVA,UVA/IT4400/Chapter2-The PHP Programming with MySQL Extract[95-144].pdf,D:\Books\UVA\IT4400\Chapter2-The PHP Programming with MySQL Extract[95-144].pdf,.pdf,565989,552.7 KB,True,False,converted,2026-03-20T16:02:24
274,UVA,UVA/IT4400/Chapter3-The PHP Programming with MySQL Extract[145-208].pdf,D:\Books\UVA\IT4400\Chapter3-The PHP Programming with MySQL Extract[145-208].pdf,.pdf,808266,789.3 KB,True,False,converted,2026-03-20T16:02:24
275,UVA,UVA/IT4400/Chapter4-The PHP Programming with MySQL Extract[209-253].pdf,D:\Books\UVA\IT4400\Chapter4-The PHP Programming with MySQL Extract[209-253].pdf,.pdf,604515,590.3 KB,True,False,converted,2026-03-20T16:02:24
276,UVA,UVA/IT4400/Chapter5-The PHP Programming with MySQL Extract[254-318].pdf,D:\Books\UVA\IT4400\Chapter5-The PHP Programming with MySQL Extract[254-318].pdf,.pdf,836173,816.6 KB,True,False,converted,2026-03-20T16:02:24
277,UVA,UVA/IT4400/Chapter6-The PHP Programming with MySQL Extract[319-400].pdf,D:\Books\UVA\IT4400\Chapter6-The PHP Programming with MySQL Extract[319-400].pdf,.pdf,1237036,1.2 MB,True,False,converted,2026-03-20T16:02:24
278,UVA,UVA/IT4400/Chapter7-The PHP Programming with MySQL Extract[401-466].pdf,D:\Books\UVA\IT4400\Chapter7-The PHP Programming with MySQL Extract[401-466].pdf,.pdf,1232303,1.2 MB,True,False,converted,2026-03-20T16:02:24
279,UVA,UVA/IT4400/Chapter8-The PHP Programming with MySQL Extract[467-515].pdf,D:\Books\UVA\IT4400\Chapter8-The PHP Programming with MySQL Extract[467-515].pdf,.pdf,724570,707.6 KB,True,False,converted,2026-03-20T16:02:24
280,UVA,UVA/IT4400/Chapter9-The PHP Programming with MySQL Extract[517-577].pdf,D:\Books\UVA\IT4400\Chapter9-The PHP Programming with MySQL Extract[517-577].pdf,.pdf,868143,847.8 KB,True,False,converted,2026-03-20T16:02:24
281,UVA,UVA/IT4400/Final Project Specification_KurdyukovAleksey.docx,D:\Books\UVA\IT4400\Final Project Specification_KurdyukovAleksey.docx,.docx,20672,20.2 KB,True,False,converted,2026-03-20T16:02:24
282,UVA,UVA/IT4400/Final Project Specification_KurdyukovAleksey.pdf,D:\Books\UVA\IT4400\Final Project Specification_KurdyukovAleksey.pdf,.pdf,170642,166.6 KB,True,False,converted,2026-03-20T16:02:24
283,UVA,UVA/IT4400/PHP Hello World.pdf,D:\Books\UVA\IT4400\PHP Hello World.pdf,.pdf,94980,92.8 KB,True,False,converted,2026-03-20T16:02:24
284,UVA,UVA/IT4400/The PHP Programming with MySQL.pdf,D:\Books\UVA\IT4400\The PHP Programming with MySQL.pdf,.pdf,11657360,11.1 MB,True,False,converted,2026-03-20T16:02:24
285,UVA,UVA/IT4400/What is PHP_.pdf,D:\Books\UVA\IT4400\What is PHP_.pdf,.pdf,66659,65.1 KB,True,False,converted,2026-03-20T16:02:24
414,Writing,Writing/AI_Content/Tier_00-20_Extracted/00-20_Better_Writing/README.md,D:\Books\Writing\AI_Content\Tier_00-20_Extracted\00-20_Better_Writing\README.md,.md,2384,2.3 KB,True,True,chunked,2026-03-20T16:02:24
386,Writing,Writing/AI_Content/Tier_00-20_Extracted/00-20_Better_Writing/chunk_001.md,D:\Books\Writing\AI_Content\Tier_00-20_Extracted\00-20_Better_Writing\chunk_001.md,.md,11672,11.4 KB,True,True,chunked,2026-03-20T16:02:24
387,Writing,Writing/AI_Content/Tier_00-20_Extracted/00-20_Better_Writing/chunk_002.md,D:\Books\Writing\AI_Content\Tier_00-20_Extracted\00-20_Better_Writing\chunk_002.md,.md,23949,23.4 KB,True,True,chunked,2026-03-20T16:02:24
388,Writing,Writing/AI_Content/Tier_00-20_Extracted/00-20_Better_Writing/chunk_003.md,D:\Books\Writing\AI_Content\Tier_00-20_Extracted\00-20_Better_Writing\chunk_003.md,.md,12656,12.4 KB,True,True,chunked,2026-03-20T16:02:24
389,Writing,Writing/AI_Content/Tier_00-20_Extracted/00-20_Better_Writing/chunk_004.md,D:\Books\Writing\AI_Content\Tier_00-20_Extracted\00-20_Better_Writing\chunk_004.md,.md,15125,14.8 KB,True,True,chunked,2026-03-20T16:02:24
390,Writing,Writing/AI_Content/Tier_00-20_Extracted/00-20_Better_Writing/chunk_005.md,D:\Books\Writing\AI_Content\Tier_00-20_Extracted\00-20_Better_Writing\chunk_005.md,.md,14965,14.6 KB,True,True,chunked,2026-03-20T16:02:24
391,Writing,Writing/AI_Content/Tier_00-20_Extracted/00-20_Better_Writing/chunk_006.md,D:\Books\Writing\AI_Content\Tier_00-20_Extracted\00-20_Better_Writing\chunk_006.md,.md,14104,13.8 KB,True,True,chunked,2026-03-20T16:02:24
392,Writing,Writing/AI_Content/Tier_00-20_Extracted/00-20_Better_Writing/chunk_007.md,D:\Books\Writing\AI_Content\Tier_00-20_Extracted\00-20_Better_Writing\chunk_007.md,.md,13336,13.0 KB,True,True,chunked,2026-03-20T16:02:24
393,Writing,Writing/AI_Content/Tier_00-20_Extracted/00-20_Better_Writing/chunk_008.md,D:\Books\Writing\AI_Content\Tier_00-20_Extracted\00-20_Better_Writing\chunk_008.md,.md,14265,13.9 KB,True,True,chunked,2026-03-20T16:02:24
394,Writing,Writing/AI_Content/Tier_00-20_Extracted/00-20_Better_Writing/chunk_009.md,D:\Books\Writing\AI_Content\Tier_00-20_Extracted\00-20_Better_Writing\chunk_009.md,.md,12755,12.5 KB,True,True,chunked,2026-03-20T16:02:24
395,Writing,Writing/AI_Content/Tier_00-20_Extracted/00-20_Better_Writing/chunk_010.md,D:\Books\Writing\AI_Content\Tier_00-20_Extracted\00-20_Better_Writing\chunk_010.md,.md,14421,14.1 KB,True,True,chunked,2026-03-20T16:02:24
396,Writing,Writing/AI_Content/Tier_00-20_Extracted/00-20_Better_Writing/chunk_011.md,D:\Books\Writing\AI_Content\Tier_00-20_Extracted\00-20_Better_Writing\chunk_011.md,.md,14559,14.2 KB,True,True,chunked,2026-03-20T16:02:24
397,Writing,Writing/AI_Content/Tier_00-20_Extracted/00-20_Better_Writing/chunk_012.md,D:\Books\Writing\AI_Content\Tier_00-20_Extracted\00-20_Better_Writing\chunk_012.md,.md,14500,14.2 KB,True,True,chunked,2026-03-20T16:02:24
398,Writing,Writing/AI_Content/Tier_00-20_Extracted/00-20_Better_Writing/chunk_013.md,D:\Books\Writing\AI_Content\Tier_00-20_Extracted\00-20_Better_Writing\chunk_013.md,.md,15084,14.7 KB,True,True,chunked,2026-03-20T16:02:24
399,Writing,Writing/AI_Content/Tier_00-20_Extracted/00-20_Better_Writing/chunk_014.md,D:\Books\Writing\AI_Content\Tier_00-20_Extracted\00-20_Better_Writing\chunk_014.md,.md,14458,14.1 KB,True,True,chunked,2026-03-20T16:02:24
400,Writing,Writing/AI_Content/Tier_00-20_Extracted/00-20_Better_Writing/chunk_015.md,D:\Books\Writing\AI_Content\Tier_00-20_Extracted\00-20_Better_Writing\chunk_015.md,.md,13629,13.3 KB,True,True,chunked,2026-03-20T16:02:24
401,Writing,Writing/AI_Content/Tier_00-20_Extracted/00-20_Better_Writing/chunk_016.md,D:\Books\Writing\AI_Content\Tier_00-20_Extracted\00-20_Better_Writing\chunk_016.md,.md,14494,14.2 KB,True,True,chunked,2026-03-20T16:02:24
402,Writing,Writing/AI_Content/Tier_00-20_Extracted/00-20_Better_Writing/chunk_017.md,D:\Books\Writing\AI_Content\Tier_00-20_Extracted\00-20_Better_Writing\chunk_017.md,.md,12323,12.0 KB,True,True,chunked,2026-03-20T16:02:24
403,Writing,Writing/AI_Content/Tier_00-20_Extracted/00-20_Better_Writing/chunk_018.md,D:\Books\Writing\AI_Content\Tier_00-20_Extracted\00-20_Better_Writing\chunk_018.md,.md,13132,12.8 KB,True,True,chunked,2026-03-20T16:02:24
404,Writing,Writing/AI_Content/Tier_00-20_Extracted/00-20_Better_Writing/chunk_019.md,D:\Books\Writing\AI_Content\Tier_00-20_Extracted\00-20_Better_Writing\chunk_019.md,.md,12972,12.7 KB,True,True,chunked,2026-03-20T16:02:24
405,Writing,Writing/AI_Content/Tier_00-20_Extracted/00-20_Better_Writing/chunk_020.md,D:\Books\Writing\AI_Content\Tier_00-20_Extracted\00-20_Better_Writing\chunk_020.md,.md,13801,13.5 KB,True,True,chunked,2026-03-20T16:02:24
406,Writing,Writing/AI_Content/Tier_00-20_Extracted/00-20_Better_Writing/chunk_021.md,D:\Books\Writing\AI_Content\Tier_00-20_Extracted\00-20_Better_Writing\chunk_021.md,.md,14631,14.3 KB,True,True,chunked,2026-03-20T16:02:24
407,Writing,Writing/AI_Content/Tier_00-20_Extracted/00-20_Better_Writing/chunk_022.md,D:\Books\Writing\AI_Content\Tier_00-20_Extracted\00-20_Better_Writing\chunk_022.md,.md,14185,13.9 KB,True,True,chunked,2026-03-20T16:02:24
408,Writing,Writing/AI_Content/Tier_00-20_Extracted/00-20_Better_Writing/chunk_023.md,D:\Books\Writing\AI_Content\Tier_00-20_Extracted\00-20_Better_Writing\chunk_023.md,.md,17766,17.3 KB,True,True,chunked,2026-03-20T16:02:24
409,Writing,Writing/AI_Content/Tier_00-20_Extracted/00-20_Better_Writing/chunk_024.md,D:\Books\Writing\AI_Content\Tier_00-20_Extracted\00-20_Better_Writing\chunk_024.md,.md,15450,15.1 KB,True,True,chunked,2026-03-20T16:02:24
410,Writing,Writing/AI_Content/Tier_00-20_Extracted/00-20_Better_Writing/chunk_025.md,D:\Books\Writing\AI_Content\Tier_00-20_Extracted\00-20_Better_Writing\chunk_025.md,.md,17820,17.4 KB,True,True,chunked,2026-03-20T16:02:24
411,Writing,Writing/AI_Content/Tier_00-20_Extracted/00-20_Better_Writing/chunk_026.md,D:\Books\Writing\AI_Content\Tier_00-20_Extracted\00-20_Better_Writing\chunk_026.md,.md,24066,23.5 KB,True,True,chunked,2026-03-20T16:02:24
412,Writing,Writing/AI_Content/Tier_00-20_Extracted/00-20_Better_Writing/chunk_027.md,D:\Books\Writing\AI_Content\Tier_00-20_Extracted\00-20_Better_Writing\chunk_027.md,.md,23887,23.3 KB,True,True,chunked,2026-03-20T16:02:24
413,Writing,Writing/AI_Content/Tier_00-20_Extracted/00-20_Better_Writing/chunk_028.md,D:\Books\Writing\AI_Content\Tier_00-20_Extracted\00-20_Better_Writing\chunk_028.md,.md,1729,1.7 KB,True,True,chunked,2026-03-20T16:02:24
455,Writing,Writing/AI_Content/Tier_00-20_Extracted/00-20_Grammatically_Correct_The_Essential_Guide_to_Spell/README.md,D:\Books\Writing\AI_Content\Tier_00-20_Extracted\00-20_Grammatically_Correct_The_Essential_Guide_to_Spell\README.md,.md,2653,2.6 KB,True,True,chunked,2026-03-20T16:02:24
415,Writing,Writing/AI_Content/Tier_00-20_Extracted/00-20_Grammatically_Correct_The_Essential_Guide_to_Spell/chunk_001.md,D:\Books\Writing\AI_Content\Tier_00-20_Extracted\00-20_Grammatically_Correct_The_Essential_Guide_to_Spell\chunk_001.md,.md,2140,2.1 KB,True,True,chunked,2026-03-20T16:02:24
416,Writing,Writing/AI_Content/Tier_00-20_Extracted/00-20_Grammatically_Correct_The_Essential_Guide_to_Spell/chunk_002.md,D:\Books\Writing\AI_Content\Tier_00-20_Extracted\00-20_Grammatically_Correct_The_Essential_Guide_to_Spell\chunk_002.md,.md,3639,3.6 KB,True,True,chunked,2026-03-20T16:02:24
417,Writing,Writing/AI_Content/Tier_00-20_Extracted/00-20_Grammatically_Correct_The_Essential_Guide_to_Spell/chunk_003.md,D:\Books\Writing\AI_Content\Tier_00-20_Extracted\00-20_Grammatically_Correct_The_Essential_Guide_to_Spell\chunk_003.md,.md,6624,6.5 KB,True,True,chunked,2026-03-20T16:02:24
418,Writing,Writing/AI_Content/Tier_00-20_Extracted/00-20_Grammatically_Correct_The_Essential_Guide_to_Spell/chunk_004.md,D:\Books\Writing\AI_Content\Tier_00-20_Extracted\00-20_Grammatically_Correct_The_Essential_Guide_to_Spell\chunk_004.md,.md,1337,1.3 KB,True,True,chunked,2026-03-20T16:02:24
419,Writing,Writing/AI_Content/Tier_00-20_Extracted/00-20_Grammatically_Correct_The_Essential_Guide_to_Spell/chunk_005.md,D:\Books\Writing\AI_Content\Tier_00-20_Extracted\00-20_Grammatically_Correct_The_Essential_Guide_to_Spell\chunk_005.md,.md,54894,53.6 KB,True,True,chunked,2026-03-20T16:02:24
420,Writing,Writing/AI_Content/Tier_00-20_Extracted/00-20_Grammatically_Correct_The_Essential_Guide_to_Spell/chunk_006.md,D:\Books\Writing\AI_Content\Tier_00-20_Extracted\00-20_Grammatically_Correct_The_Essential_Guide_to_Spell\chunk_006.md,.md,33884,33.1 KB,True,True,chunked,2026-03-20T16:02:24
421,Writing,Writing/AI_Content/Tier_00-20_Extracted/00-20_Grammatically_Correct_The_Essential_Guide_to_Spell/chunk_007.md,D:\Books\Writing\AI_Content\Tier_00-20_Extracted\00-20_Grammatically_Correct_The_Essential_Guide_to_Spell\chunk_007.md,.md,40467,39.5 KB,True,True,chunked,2026-03-20T16:02:24
422,Writing,Writing/AI_Content/Tier_00-20_Extracted/00-20_Grammatically_Correct_The_Essential_Guide_to_Spell/chunk_008.md,D:\Books\Writing\AI_Content\Tier_00-20_Extracted\00-20_Grammatically_Correct_The_Essential_Guide_to_Spell\chunk_008.md,.md,3777,3.7 KB,True,True,chunked,2026-03-20T16:02:24
423,Writing,Writing/AI_Content/Tier_00-20_Extracted/00-20_Grammatically_Correct_The_Essential_Guide_to_Spell/chunk_009.md,D:\Books\Writing\AI_Content\Tier_00-20_Extracted\00-20_Grammatically_Correct_The_Essential_Guide_to_Spell\chunk_009.md,.md,9105,8.9 KB,True,True,chunked,2026-03-20T16:02:24
424,Writing,Writing/AI_Content/Tier_00-20_Extracted/00-20_Grammatically_Correct_The_Essential_Guide_to_Spell/chunk_010.md,D:\Books\Writing\AI_Content\Tier_00-20_Extracted\00-20_Grammatically_Correct_The_Essential_Guide_to_Spell\chunk_010.md,.md,66310,64.8 KB,True,True,chunked,2026-03-20T16:02:24
425,Writing,Writing/AI_Content/Tier_00-20_Extracted/00-20_Grammatically_Correct_The_Essential_Guide_to_Spell/chunk_011.md,D:\Books\Writing\AI_Content\Tier_00-20_Extracted\00-20_Grammatically_Correct_The_Essential_Guide_to_Spell\chunk_011.md,.md,16170,15.8 KB,True,True,chunked,2026-03-20T16:02:24
426,Writing,Writing/AI_Content/Tier_00-20_Extracted/00-20_Grammatically_Correct_The_Essential_Guide_to_Spell/chunk_012.md,D:\Books\Writing\AI_Content\Tier_00-20_Extracted\00-20_Grammatically_Correct_The_Essential_Guide_to_Spell\chunk_012.md,.md,14083,13.8 KB,True,True,chunked,2026-03-20T16:02:24
427,Writing,Writing/AI_Content/Tier_00-20_Extracted/00-20_Grammatically_Correct_The_Essential_Guide_to_Spell/chunk_013.md,D:\Books\Writing\AI_Content\Tier_00-20_Extracted\00-20_Grammatically_Correct_The_Essential_Guide_to_Spell\chunk_013.md,.md,7711,7.5 KB,True,True,chunked,2026-03-20T16:02:24
428,Writing,Writing/AI_Content/Tier_00-20_Extracted/00-20_Grammatically_Correct_The_Essential_Guide_to_Spell/chunk_014.md,D:\Books\Writing\AI_Content\Tier_00-20_Extracted\00-20_Grammatically_Correct_The_Essential_Guide_to_Spell\chunk_014.md,.md,9326,9.1 KB,True,True,chunked,2026-03-20T16:02:24
429,Writing,Writing/AI_Content/Tier_00-20_Extracted/00-20_Grammatically_Correct_The_Essential_Guide_to_Spell/chunk_015.md,D:\Books\Writing\AI_Content\Tier_00-20_Extracted\00-20_Grammatically_Correct_The_Essential_Guide_to_Spell\chunk_015.md,.md,21740,21.2 KB,True,True,chunked,2026-03-20T16:02:24
430,Writing,Writing/AI_Content/Tier_00-20_Extracted/00-20_Grammatically_Correct_The_Essential_Guide_to_Spell/chunk_016.md,D:\Books\Writing\AI_Content\Tier_00-20_Extracted\00-20_Grammatically_Correct_The_Essential_Guide_to_Spell\chunk_016.md,.md,6734,6.6 KB,True,True,chunked,2026-03-20T16:02:24
431,Writing,Writing/AI_Content/Tier_00-20_Extracted/00-20_Grammatically_Correct_The_Essential_Guide_to_Spell/chunk_017.md,D:\Books\Writing\AI_Content\Tier_00-20_Extracted\00-20_Grammatically_Correct_The_Essential_Guide_to_Spell\chunk_017.md,.md,17131,16.7 KB,True,True,chunked,2026-03-20T16:02:24
432,Writing,Writing/AI_Content/Tier_00-20_Extracted/00-20_Grammatically_Correct_The_Essential_Guide_to_Spell/chunk_018.md,D:\Books\Writing\AI_Content\Tier_00-20_Extracted\00-20_Grammatically_Correct_The_Essential_Guide_to_Spell\chunk_018.md,.md,1189,1.2 KB,True,True,chunked,2026-03-20T16:02:24
433,Writing,Writing/AI_Content/Tier_00-20_Extracted/00-20_Grammatically_Correct_The_Essential_Guide_to_Spell/chunk_019.md,D:\Books\Writing\AI_Content\Tier_00-20_Extracted\00-20_Grammatically_Correct_The_Essential_Guide_to_Spell\chunk_019.md,.md,2458,2.4 KB,True,True,chunked,2026-03-20T16:02:24
434,Writing,Writing/AI_Content/Tier_00-20_Extracted/00-20_Grammatically_Correct_The_Essential_Guide_to_Spell/chunk_020.md,D:\Books\Writing\AI_Content\Tier_00-20_Extracted\00-20_Grammatically_Correct_The_Essential_Guide_to_Spell\chunk_020.md,.md,15482,15.1 KB,True,True,chunked,2026-03-20T16:02:24
435,Writing,Writing/AI_Content/Tier_00-20_Extracted/00-20_Grammatically_Correct_The_Essential_Guide_to_Spell/chunk_021.md,D:\Books\Writing\AI_Content\Tier_00-20_Extracted\00-20_Grammatically_Correct_The_Essential_Guide_to_Spell\chunk_021.md,.md,2918,2.8 KB,True,True,chunked,2026-03-20T16:02:24
436,Writing,Writing/AI_Content/Tier_00-20_Extracted/00-20_Grammatically_Correct_The_Essential_Guide_to_Spell/chunk_022.md,D:\Books\Writing\AI_Content\Tier_00-20_Extracted\00-20_Grammatically_Correct_The_Essential_Guide_to_Spell\chunk_022.md,.md,12121,11.8 KB,True,True,chunked,2026-03-20T16:02:24
437,Writing,Writing/AI_Content/Tier_00-20_Extracted/00-20_Grammatically_Correct_The_Essential_Guide_to_Spell/chunk_023.md,D:\Books\Writing\AI_Content\Tier_00-20_Extracted\00-20_Grammatically_Correct_The_Essential_Guide_to_Spell\chunk_023.md,.md,20537,20.1 KB,True,True,chunked,2026-03-20T16:02:24
438,Writing,Writing/AI_Content/Tier_00-20_Extracted/00-20_Grammatically_Correct_The_Essential_Guide_to_Spell/chunk_024.md,D:\Books\Writing\AI_Content\Tier_00-20_Extracted\00-20_Grammatically_Correct_The_Essential_Guide_to_Spell\chunk_024.md,.md,11105,10.8 KB,True,True,chunked,2026-03-20T16:02:24
439,Writing,Writing/AI_Content/Tier_00-20_Extracted/00-20_Grammatically_Correct_The_Essential_Guide_to_Spell/chunk_025.md,D:\Books\Writing\AI_Content\Tier_00-20_Extracted\00-20_Grammatically_Correct_The_Essential_Guide_to_Spell\chunk_025.md,.md,16171,15.8 KB,True,True,chunked,2026-03-20T16:02:24
440,Writing,Writing/AI_Content/Tier_00-20_Extracted/00-20_Grammatically_Correct_The_Essential_Guide_to_Spell/chunk_026.md,D:\Books\Writing\AI_Content\Tier_00-20_Extracted\00-20_Grammatically_Correct_The_Essential_Guide_to_Spell\chunk_026.md,.md,3125,3.1 KB,True,True,chunked,2026-03-20T16:02:24
441,Writing,Writing/AI_Content/Tier_00-20_Extracted/00-20_Grammatically_Correct_The_Essential_Guide_to_Spell/chunk_027.md,D:\Books\Writing\AI_Content\Tier_00-20_Extracted\00-20_Grammatically_Correct_The_Essential_Guide_to_Spell\chunk_027.md,.md,28311,27.6 KB,True,True,chunked,2026-03-20T16:02:24
442,Writing,Writing/AI_Content/Tier_00-20_Extracted/00-20_Grammatically_Correct_The_Essential_Guide_to_Spell/chunk_028.md,D:\Books\Writing\AI_Content\Tier_00-20_Extracted\00-20_Grammatically_Correct_The_Essential_Guide_to_Spell\chunk_028.md,.md,13135,12.8 KB,True,True,chunked,2026-03-20T16:02:24
443,Writing,Writing/AI_Content/Tier_00-20_Extracted/00-20_Grammatically_Correct_The_Essential_Guide_to_Spell/chunk_029.md,D:\Books\Writing\AI_Content\Tier_00-20_Extracted\00-20_Grammatically_Correct_The_Essential_Guide_to_Spell\chunk_029.md,.md,9438,9.2 KB,True,True,chunked,2026-03-20T16:02:24
444,Writing,Writing/AI_Content/Tier_00-20_Extracted/00-20_Grammatically_Correct_The_Essential_Guide_to_Spell/chunk_030.md,D:\Books\Writing\AI_Content\Tier_00-20_Extracted\00-20_Grammatically_Correct_The_Essential_Guide_to_Spell\chunk_030.md,.md,60682,59.3 KB,True,True,chunked,2026-03-20T16:02:24
445,Writing,Writing/AI_Content/Tier_00-20_Extracted/00-20_Grammatically_Correct_The_Essential_Guide_to_Spell/chunk_031.md,D:\Books\Writing\AI_Content\Tier_00-20_Extracted\00-20_Grammatically_Correct_The_Essential_Guide_to_Spell\chunk_031.md,.md,45377,44.3 KB,True,True,chunked,2026-03-20T16:02:24
446,Writing,Writing/AI_Content/Tier_00-20_Extracted/00-20_Grammatically_Correct_The_Essential_Guide_to_Spell/chunk_032.md,D:\Books\Writing\AI_Content\Tier_00-20_Extracted\00-20_Grammatically_Correct_The_Essential_Guide_to_Spell\chunk_032.md,.md,8076,7.9 KB,True,True,chunked,2026-03-20T16:02:24
447,Writing,Writing/AI_Content/Tier_00-20_Extracted/00-20_Grammatically_Correct_The_Essential_Guide_to_Spell/chunk_033.md,D:\Books\Writing\AI_Content\Tier_00-20_Extracted\00-20_Grammatically_Correct_The_Essential_Guide_to_Spell\chunk_033.md,.md,10712,10.5 KB,True,True,chunked,2026-03-20T16:02:24
448,Writing,Writing/AI_Content/Tier_00-20_Extracted/00-20_Grammatically_Correct_The_Essential_Guide_to_Spell/chunk_034.md,D:\Books\Writing\AI_Content\Tier_00-20_Extracted\00-20_Grammatically_Correct_The_Essential_Guide_to_Spell\chunk_034.md,.md,1690,1.7 KB,True,True,chunked,2026-03-20T16:02:24
449,Writing,Writing/AI_Content/Tier_00-20_Extracted/00-20_Grammatically_Correct_The_Essential_Guide_to_Spell/chunk_035.md,D:\Books\Writing\AI_Content\Tier_00-20_Extracted\00-20_Grammatically_Correct_The_Essential_Guide_to_Spell\chunk_035.md,.md,21941,21.4 KB,True,True,chunked,2026-03-20T16:02:24
450,Writing,Writing/AI_Content/Tier_00-20_Extracted/00-20_Grammatically_Correct_The_Essential_Guide_to_Spell/chunk_036.md,D:\Books\Writing\AI_Content\Tier_00-20_Extracted\00-20_Grammatically_Correct_The_Essential_Guide_to_Spell\chunk_036.md,.md,39329,38.4 KB,True,True,chunked,2026-03-20T16:02:24
451,Writing,Writing/AI_Content/Tier_00-20_Extracted/00-20_Grammatically_Correct_The_Essential_Guide_to_Spell/chunk_037.md,D:\Books\Writing\AI_Content\Tier_00-20_Extracted\00-20_Grammatically_Correct_The_Essential_Guide_to_Spell\chunk_037.md,.md,5575,5.4 KB,True,True,chunked,2026-03-20T16:02:24
452,Writing,Writing/AI_Content/Tier_00-20_Extracted/00-20_Grammatically_Correct_The_Essential_Guide_to_Spell/chunk_038.md,D:\Books\Writing\AI_Content\Tier_00-20_Extracted\00-20_Grammatically_Correct_The_Essential_Guide_to_Spell\chunk_038.md,.md,6583,6.4 KB,True,True,chunked,2026-03-20T16:02:24
453,Writing,Writing/AI_Content/Tier_00-20_Extracted/00-20_Grammatically_Correct_The_Essential_Guide_to_Spell/chunk_039.md,D:\Books\Writing\AI_Content\Tier_00-20_Extracted\00-20_Grammatically_Correct_The_Essential_Guide_to_Spell\chunk_039.md,.md,1175,1.1 KB,True,True,chunked,2026-03-20T16:02:24
454,Writing,Writing/AI_Content/Tier_00-20_Extracted/00-20_Grammatically_Correct_The_Essential_Guide_to_Spell/chunk_040.md,D:\Books\Writing\AI_Content\Tier_00-20_Extracted\00-20_Grammatically_Correct_The_Essential_Guide_to_Spell\chunk_040.md,.md,920,920.0 B,True,True,chunked,2026-03-20T16:02:24
475,Writing,Writing/AI_Content/Tier_00-20_Extracted/00-20_How_to_Write_a_Sentence_and_How_to_Read_One/README.md,D:\Books\Writing\AI_Content\Tier_00-20_Extracted\00-20_How_to_Write_a_Sentence_and_How_to_Read_One\README.md,.md,1630,1.6 KB,True,True,chunked,2026-03-20T16:02:24
456,Writing,Writing/AI_Content/Tier_00-20_Extracted/00-20_How_to_Write_a_Sentence_and_How_to_Read_One/chunk_001.md,D:\Books\Writing\AI_Content\Tier_00-20_Extracted\00-20_How_to_Write_a_Sentence_and_How_to_Read_One\chunk_001.md,.md,696,696.0 B,True,True,chunked,2026-03-20T16:02:24
457,Writing,Writing/AI_Content/Tier_00-20_Extracted/00-20_How_to_Write_a_Sentence_and_How_to_Read_One/chunk_002.md,D:\Books\Writing\AI_Content\Tier_00-20_Extracted\00-20_How_to_Write_a_Sentence_and_How_to_Read_One\chunk_002.md,.md,788,788.0 B,True,True,chunked,2026-03-20T16:02:24
458,Writing,Writing/AI_Content/Tier_00-20_Extracted/00-20_How_to_Write_a_Sentence_and_How_to_Read_One/chunk_003.md,D:\Books\Writing\AI_Content\Tier_00-20_Extracted\00-20_How_to_Write_a_Sentence_and_How_to_Read_One\chunk_003.md,.md,17139,16.7 KB,True,True,chunked,2026-03-20T16:02:24
459,Writing,Writing/AI_Content/Tier_00-20_Extracted/00-20_How_to_Write_a_Sentence_and_How_to_Read_One/chunk_004.md,D:\Books\Writing\AI_Content\Tier_00-20_Extracted\00-20_How_to_Write_a_Sentence_and_How_to_Read_One\chunk_004.md,.md,19951,19.5 KB,True,True,chunked,2026-03-20T16:02:24
460,Writing,Writing/AI_Content/Tier_00-20_Extracted/00-20_How_to_Write_a_Sentence_and_How_to_Read_One/chunk_005.md,D:\Books\Writing\AI_Content\Tier_00-20_Extracted\00-20_How_to_Write_a_Sentence_and_How_to_Read_One\chunk_005.md,.md,14640,14.3 KB,True,True,chunked,2026-03-20T16:02:24
461,Writing,Writing/AI_Content/Tier_00-20_Extracted/00-20_How_to_Write_a_Sentence_and_How_to_Read_One/chunk_006.md,D:\Books\Writing\AI_Content\Tier_00-20_Extracted\00-20_How_to_Write_a_Sentence_and_How_to_Read_One\chunk_006.md,.md,16498,16.1 KB,True,True,chunked,2026-03-20T16:02:24
462,Writing,Writing/AI_Content/Tier_00-20_Extracted/00-20_How_to_Write_a_Sentence_and_How_to_Read_One/chunk_007.md,D:\Books\Writing\AI_Content\Tier_00-20_Extracted\00-20_How_to_Write_a_Sentence_and_How_to_Read_One\chunk_007.md,.md,27165,26.5 KB,True,True,chunked,2026-03-20T16:02:24
463,Writing,Writing/AI_Content/Tier_00-20_Extracted/00-20_How_to_Write_a_Sentence_and_How_to_Read_One/chunk_008.md,D:\Books\Writing\AI_Content\Tier_00-20_Extracted\00-20_How_to_Write_a_Sentence_and_How_to_Read_One\chunk_008.md,.md,46463,45.4 KB,True,True,chunked,2026-03-20T16:02:24
464,Writing,Writing/AI_Content/Tier_00-20_Extracted/00-20_How_to_Write_a_Sentence_and_How_to_Read_One/chunk_009.md,D:\Books\Writing\AI_Content\Tier_00-20_Extracted\00-20_How_to_Write_a_Sentence_and_How_to_Read_One\chunk_009.md,.md,13427,13.1 KB,True,True,chunked,2026-03-20T16:02:24
465,Writing,Writing/AI_Content/Tier_00-20_Extracted/00-20_How_to_Write_a_Sentence_and_How_to_Read_One/chunk_010.md,D:\Books\Writing\AI_Content\Tier_00-20_Extracted\00-20_How_to_Write_a_Sentence_and_How_to_Read_One\chunk_010.md,.md,32021,31.3 KB,True,True,chunked,2026-03-20T16:02:24
466,Writing,Writing/AI_Content/Tier_00-20_Extracted/00-20_How_to_Write_a_Sentence_and_How_to_Read_One/chunk_011.md,D:\Books\Writing\AI_Content\Tier_00-20_Extracted\00-20_How_to_Write_a_Sentence_and_How_to_Read_One\chunk_011.md,.md,22219,21.7 KB,True,True,chunked,2026-03-20T16:02:24
467,Writing,Writing/AI_Content/Tier_00-20_Extracted/00-20_How_to_Write_a_Sentence_and_How_to_Read_One/chunk_012.md,D:\Books\Writing\AI_Content\Tier_00-20_Extracted\00-20_How_to_Write_a_Sentence_and_How_to_Read_One\chunk_012.md,.md,39478,38.6 KB,True,True,chunked,2026-03-20T16:02:24
468,Writing,Writing/AI_Content/Tier_00-20_Extracted/00-20_How_to_Write_a_Sentence_and_How_to_Read_One/chunk_013.md,D:\Books\Writing\AI_Content\Tier_00-20_Extracted\00-20_How_to_Write_a_Sentence_and_How_to_Read_One\chunk_013.md,.md,2624,2.6 KB,True,True,chunked,2026-03-20T16:02:24
469,Writing,Writing/AI_Content/Tier_00-20_Extracted/00-20_How_to_Write_a_Sentence_and_How_to_Read_One/chunk_014.md,D:\Books\Writing\AI_Content\Tier_00-20_Extracted\00-20_How_to_Write_a_Sentence_and_How_to_Read_One\chunk_014.md,.md,1265,1.2 KB,True,True,chunked,2026-03-20T16:02:24
470,Writing,Writing/AI_Content/Tier_00-20_Extracted/00-20_How_to_Write_a_Sentence_and_How_to_Read_One/chunk_015.md,D:\Books\Writing\AI_Content\Tier_00-20_Extracted\00-20_How_to_Write_a_Sentence_and_How_to_Read_One\chunk_015.md,.md,2663,2.6 KB,True,True,chunked,2026-03-20T16:02:24
471,Writing,Writing/AI_Content/Tier_00-20_Extracted/00-20_How_to_Write_a_Sentence_and_How_to_Read_One/chunk_016.md,D:\Books\Writing\AI_Content\Tier_00-20_Extracted\00-20_How_to_Write_a_Sentence_and_How_to_Read_One\chunk_016.md,.md,965,965.0 B,True,True,chunked,2026-03-20T16:02:24
472,Writing,Writing/AI_Content/Tier_00-20_Extracted/00-20_How_to_Write_a_Sentence_and_How_to_Read_One/chunk_017.md,D:\Books\Writing\AI_Content\Tier_00-20_Extracted\00-20_How_to_Write_a_Sentence_and_How_to_Read_One\chunk_017.md,.md,902,902.0 B,True,True,chunked,2026-03-20T16:02:24
473,Writing,Writing/AI_Content/Tier_00-20_Extracted/00-20_How_to_Write_a_Sentence_and_How_to_Read_One/chunk_018.md,D:\Books\Writing\AI_Content\Tier_00-20_Extracted\00-20_How_to_Write_a_Sentence_and_How_to_Read_One\chunk_018.md,.md,1782,1.7 KB,True,True,chunked,2026-03-20T16:02:24
474,Writing,Writing/AI_Content/Tier_00-20_Extracted/00-20_How_to_Write_a_Sentence_and_How_to_Read_One/chunk_019.md,D:\Books\Writing\AI_Content\Tier_00-20_Extracted\00-20_How_to_Write_a_Sentence_and_How_to_Read_One\chunk_019.md,.md,901,901.0 B,True,True,chunked,2026-03-20T16:02:24
512,Writing,Writing/AI_Content/Tier_00-20_Extracted/00-20_McGraw-Handbook_of_English_Grammar_Usage_3rdE/README.md,D:\Books\Writing\AI_Content\Tier_00-20_Extracted\00-20_McGraw-Handbook_of_English_Grammar_Usage_3rdE\README.md,.md,2831,2.8 KB,True,True,chunked,2026-03-20T16:02:24
476,Writing,Writing/AI_Content/Tier_00-20_Extracted/00-20_McGraw-Handbook_of_English_Grammar_Usage_3rdE/chunk_001.md,D:\Books\Writing\AI_Content\Tier_00-20_Extracted\00-20_McGraw-Handbook_of_English_Grammar_Usage_3rdE\chunk_001.md,.md,13201,12.9 KB,True,True,chunked,2026-03-20T16:02:24
477,Writing,Writing/AI_Content/Tier_00-20_Extracted/00-20_McGraw-Handbook_of_English_Grammar_Usage_3rdE/chunk_002.md,D:\Books\Writing\AI_Content\Tier_00-20_Extracted\00-20_McGraw-Handbook_of_English_Grammar_Usage_3rdE\chunk_002.md,.md,15831,15.5 KB,True,True,chunked,2026-03-20T16:02:24
478,Writing,Writing/AI_Content/Tier_00-20_Extracted/00-20_McGraw-Handbook_of_English_Grammar_Usage_3rdE/chunk_003.md,D:\Books\Writing\AI_Content\Tier_00-20_Extracted\00-20_McGraw-Handbook_of_English_Grammar_Usage_3rdE\chunk_003.md,.md,16687,16.3 KB,True,True,chunked,2026-03-20T16:02:24
479,Writing,Writing/AI_Content/Tier_00-20_Extracted/00-20_McGraw-Handbook_of_English_Grammar_Usage_3rdE/chunk_004.md,D:\Books\Writing\AI_Content\Tier_00-20_Extracted\00-20_McGraw-Handbook_of_English_Grammar_Usage_3rdE\chunk_004.md,.md,16636,16.2 KB,True,True,chunked,2026-03-20T16:02:24
480,Writing,Writing/AI_Content/Tier_00-20_Extracted/00-20_McGraw-Handbook_of_English_Grammar_Usage_3rdE/chunk_005.md,D:\Books\Writing\AI_Content\Tier_00-20_Extracted\00-20_McGraw-Handbook_of_English_Grammar_Usage_3rdE\chunk_005.md,.md,16465,16.1 KB,True,True,chunked,2026-03-20T16:02:24
481,Writing,Writing/AI_Content/Tier_00-20_Extracted/00-20_McGraw-Handbook_of_English_Grammar_Usage_3rdE/chunk_006.md,D:\Books\Writing\AI_Content\Tier_00-20_Extracted\00-20_McGraw-Handbook_of_English_Grammar_Usage_3rdE\chunk_006.md,.md,18088,17.7 KB,True,True,chunked,2026-03-20T16:02:24
482,Writing,Writing/AI_Content/Tier_00-20_Extracted/00-20_McGraw-Handbook_of_English_Grammar_Usage_3rdE/chunk_007.md,D:\Books\Writing\AI_Content\Tier_00-20_Extracted\00-20_McGraw-Handbook_of_English_Grammar_Usage_3rdE\chunk_007.md,.md,15386,15.0 KB,True,True,chunked,2026-03-20T16:02:24
483,Writing,Writing/AI_Content/Tier_00-20_Extracted/00-20_McGraw-Handbook_of_English_Grammar_Usage_3rdE/chunk_008.md,D:\Books\Writing\AI_Content\Tier_00-20_Extracted\00-20_McGraw-Handbook_of_English_Grammar_Usage_3rdE\chunk_008.md,.md,20649,20.2 KB,True,True,chunked,2026-03-20T16:02:24
484,Writing,Writing/AI_Content/Tier_00-20_Extracted/00-20_McGraw-Handbook_of_English_Grammar_Usage_3rdE/chunk_009.md,D:\Books\Writing\AI_Content\Tier_00-20_Extracted\00-20_McGraw-Handbook_of_English_Grammar_Usage_3rdE\chunk_009.md,.md,16380,16.0 KB,True,True,chunked,2026-03-20T16:02:24
485,Writing,Writing/AI_Content/Tier_00-20_Extracted/00-20_McGraw-Handbook_of_English_Grammar_Usage_3rdE/chunk_010.md,D:\Books\Writing\AI_Content\Tier_00-20_Extracted\00-20_McGraw-Handbook_of_English_Grammar_Usage_3rdE\chunk_010.md,.md,18361,17.9 KB,True,True,chunked,2026-03-20T16:02:24
486,Writing,Writing/AI_Content/Tier_00-20_Extracted/00-20_McGraw-Handbook_of_English_Grammar_Usage_3rdE/chunk_011.md,D:\Books\Writing\AI_Content\Tier_00-20_Extracted\00-20_McGraw-Handbook_of_English_Grammar_Usage_3rdE\chunk_011.md,.md,21332,20.8 KB,True,True,chunked,2026-03-20T16:02:24
487,Writing,Writing/AI_Content/Tier_00-20_Extracted/00-20_McGraw-Handbook_of_English_Grammar_Usage_3rdE/chunk_012.md,D:\Books\Writing\AI_Content\Tier_00-20_Extracted\00-20_McGraw-Handbook_of_English_Grammar_Usage_3rdE\chunk_012.md,.md,23082,22.5 KB,True,True,chunked,2026-03-20T16:02:24
488,Writing,Writing/AI_Content/Tier_00-20_Extracted/00-20_McGraw-Handbook_of_English_Grammar_Usage_3rdE/chunk_013.md,D:\Books\Writing\AI_Content\Tier_00-20_Extracted\00-20_McGraw-Handbook_of_English_Grammar_Usage_3rdE\chunk_013.md,.md,21473,21.0 KB,True,True,chunked,2026-03-20T16:02:24
489,Writing,Writing/AI_Content/Tier_00-20_Extracted/00-20_McGraw-Handbook_of_English_Grammar_Usage_3rdE/chunk_014.md,D:\Books\Writing\AI_Content\Tier_00-20_Extracted\00-20_McGraw-Handbook_of_English_Grammar_Usage_3rdE\chunk_014.md,.md,22914,22.4 KB,True,True,chunked,2026-03-20T16:02:24
490,Writing,Writing/AI_Content/Tier_00-20_Extracted/00-20_McGraw-Handbook_of_English_Grammar_Usage_3rdE/chunk_015.md,D:\Books\Writing\AI_Content\Tier_00-20_Extracted\00-20_McGraw-Handbook_of_English_Grammar_Usage_3rdE\chunk_015.md,.md,21715,21.2 KB,True,True,chunked,2026-03-20T16:02:24
491,Writing,Writing/AI_Content/Tier_00-20_Extracted/00-20_McGraw-Handbook_of_English_Grammar_Usage_3rdE/chunk_016.md,D:\Books\Writing\AI_Content\Tier_00-20_Extracted\00-20_McGraw-Handbook_of_English_Grammar_Usage_3rdE\chunk_016.md,.md,21362,20.9 KB,True,True,chunked,2026-03-20T16:02:24
492,Writing,Writing/AI_Content/Tier_00-20_Extracted/00-20_McGraw-Handbook_of_English_Grammar_Usage_3rdE/chunk_017.md,D:\Books\Writing\AI_Content\Tier_00-20_Extracted\00-20_McGraw-Handbook_of_English_Grammar_Usage_3rdE\chunk_017.md,.md,21497,21.0 KB,True,True,chunked,2026-03-20T16:02:24
493,Writing,Writing/AI_Content/Tier_00-20_Extracted/00-20_McGraw-Handbook_of_English_Grammar_Usage_3rdE/chunk_018.md,D:\Books\Writing\AI_Content\Tier_00-20_Extracted\00-20_McGraw-Handbook_of_English_Grammar_Usage_3rdE\chunk_018.md,.md,23594,23.0 KB,True,True,chunked,2026-03-20T16:02:24
494,Writing,Writing/AI_Content/Tier_00-20_Extracted/00-20_McGraw-Handbook_of_English_Grammar_Usage_3rdE/chunk_019.md,D:\Books\Writing\AI_Content\Tier_00-20_Extracted\00-20_McGraw-Handbook_of_English_Grammar_Usage_3rdE\chunk_019.md,.md,19562,19.1 KB,True,True,chunked,2026-03-20T16:02:24
495,Writing,Writing/AI_Content/Tier_00-20_Extracted/00-20_McGraw-Handbook_of_English_Grammar_Usage_3rdE/chunk_020.md,D:\Books\Writing\AI_Content\Tier_00-20_Extracted\00-20_McGraw-Handbook_of_English_Grammar_Usage_3rdE\chunk_020.md,.md,19729,19.3 KB,True,True,chunked,2026-03-20T16:02:24
496,Writing,Writing/AI_Content/Tier_00-20_Extracted/00-20_McGraw-Handbook_of_English_Grammar_Usage_3rdE/chunk_021.md,D:\Books\Writing\AI_Content\Tier_00-20_Extracted\00-20_McGraw-Handbook_of_English_Grammar_Usage_3rdE\chunk_021.md,.md,20584,20.1 KB,True,True,chunked,2026-03-20T16:02:24
497,Writing,Writing/AI_Content/Tier_00-20_Extracted/00-20_McGraw-Handbook_of_English_Grammar_Usage_3rdE/chunk_022.md,D:\Books\Writing\AI_Content\Tier_00-20_Extracted\00-20_McGraw-Handbook_of_English_Grammar_Usage_3rdE\chunk_022.md,.md,23994,23.4 KB,True,True,chunked,2026-03-20T16:02:24
498,Writing,Writing/AI_Content/Tier_00-20_Extracted/00-20_McGraw-Handbook_of_English_Grammar_Usage_3rdE/chunk_023.md,D:\Books\Writing\AI_Content\Tier_00-20_Extracted\00-20_McGraw-Handbook_of_English_Grammar_Usage_3rdE\chunk_023.md,.md,28524,27.9 KB,True,True,chunked,2026-03-20T16:02:24
499,Writing,Writing/AI_Content/Tier_00-20_Extracted/00-20_McGraw-Handbook_of_English_Grammar_Usage_3rdE/chunk_024.md,D:\Books\Writing\AI_Content\Tier_00-20_Extracted\00-20_McGraw-Handbook_of_English_Grammar_Usage_3rdE\chunk_024.md,.md,27124,26.5 KB,True,True,chunked,2026-03-20T16:02:24
500,Writing,Writing/AI_Content/Tier_00-20_Extracted/00-20_McGraw-Handbook_of_English_Grammar_Usage_3rdE/chunk_025.md,D:\Books\Writing\AI_Content\Tier_00-20_Extracted\00-20_McGraw-Handbook_of_English_Grammar_Usage_3rdE\chunk_025.md,.md,12083,11.8 KB,True,True,chunked,2026-03-20T16:02:24
501,Writing,Writing/AI_Content/Tier_00-20_Extracted/00-20_McGraw-Handbook_of_English_Grammar_Usage_3rdE/chunk_026.md,D:\Books\Writing\AI_Content\Tier_00-20_Extracted\00-20_McGraw-Handbook_of_English_Grammar_Usage_3rdE\chunk_026.md,.md,22092,21.6 KB,True,True,chunked,2026-03-20T16:02:24
502,Writing,Writing/AI_Content/Tier_00-20_Extracted/00-20_McGraw-Handbook_of_English_Grammar_Usage_3rdE/chunk_027.md,D:\Books\Writing\AI_Content\Tier_00-20_Extracted\00-20_McGraw-Handbook_of_English_Grammar_Usage_3rdE\chunk_027.md,.md,28714,28.0 KB,True,True,chunked,2026-03-20T16:02:24
503,Writing,Writing/AI_Content/Tier_00-20_Extracted/00-20_McGraw-Handbook_of_English_Grammar_Usage_3rdE/chunk_028.md,D:\Books\Writing\AI_Content\Tier_00-20_Extracted\00-20_McGraw-Handbook_of_English_Grammar_Usage_3rdE\chunk_028.md,.md,2802,2.7 KB,True,True,chunked,2026-03-20T16:02:24
504,Writing,Writing/AI_Content/Tier_00-20_Extracted/00-20_McGraw-Handbook_of_English_Grammar_Usage_3rdE/chunk_029.md,D:\Books\Writing\AI_Content\Tier_00-20_Extracted\00-20_McGraw-Handbook_of_English_Grammar_Usage_3rdE\chunk_029.md,.md,12370,12.1 KB,True,True,chunked,2026-03-20T16:02:24
505,Writing,Writing/AI_Content/Tier_00-20_Extracted/00-20_McGraw-Handbook_of_English_Grammar_Usage_3rdE/chunk_030.md,D:\Books\Writing\AI_Content\Tier_00-20_Extracted\00-20_McGraw-Handbook_of_English_Grammar_Usage_3rdE\chunk_030.md,.md,35414,34.6 KB,True,True,chunked,2026-03-20T16:02:24
506,Writing,Writing/AI_Content/Tier_00-20_Extracted/00-20_McGraw-Handbook_of_English_Grammar_Usage_3rdE/chunk_031.md,D:\Books\Writing\AI_Content\Tier_00-20_Extracted\00-20_McGraw-Handbook_of_English_Grammar_Usage_3rdE\chunk_031.md,.md,32762,32.0 KB,True,True,chunked,2026-03-20T16:02:24
507,Writing,Writing/AI_Content/Tier_00-20_Extracted/00-20_McGraw-Handbook_of_English_Grammar_Usage_3rdE/chunk_032.md,D:\Books\Writing\AI_Content\Tier_00-20_Extracted\00-20_McGraw-Handbook_of_English_Grammar_Usage_3rdE\chunk_032.md,.md,16143,15.8 KB,True,True,chunked,2026-03-20T16:02:24
508,Writing,Writing/AI_Content/Tier_00-20_Extracted/00-20_McGraw-Handbook_of_English_Grammar_Usage_3rdE/chunk_033.md,D:\Books\Writing\AI_Content\Tier_00-20_Extracted\00-20_McGraw-Handbook_of_English_Grammar_Usage_3rdE\chunk_033.md,.md,13373,13.1 KB,True,True,chunked,2026-03-20T16:02:24
509,Writing,Writing/AI_Content/Tier_00-20_Extracted/00-20_McGraw-Handbook_of_English_Grammar_Usage_3rdE/chunk_034.md,D:\Books\Writing\AI_Content\Tier_00-20_Extracted\00-20_McGraw-Handbook_of_English_Grammar_Usage_3rdE\chunk_034.md,.md,12908,12.6 KB,True,True,chunked,2026-03-20T16:02:24
510,Writing,Writing/AI_Content/Tier_00-20_Extracted/00-20_McGraw-Handbook_of_English_Grammar_Usage_3rdE/chunk_035.md,D:\Books\Writing\AI_Content\Tier_00-20_Extracted\00-20_McGraw-Handbook_of_English_Grammar_Usage_3rdE\chunk_035.md,.md,13227,12.9 KB,True,True,chunked,2026-03-20T16:02:24
511,Writing,Writing/AI_Content/Tier_00-20_Extracted/00-20_McGraw-Handbook_of_English_Grammar_Usage_3rdE/chunk_036.md,D:\Books\Writing\AI_Content\Tier_00-20_Extracted\00-20_McGraw-Handbook_of_English_Grammar_Usage_3rdE\chunk_036.md,.md,5380,5.3 KB,True,True,chunked,2026-03-20T16:02:24
523,Writing,Writing/AI_Content/Tier_00-20_Extracted/00-20_The_Elements_of_Style/README.md,D:\Books\Writing\AI_Content\Tier_00-20_Extracted\00-20_The_Elements_of_Style\README.md,.md,1443,1.4 KB,True,True,chunked,2026-03-20T16:02:24
513,Writing,Writing/AI_Content/Tier_00-20_Extracted/00-20_The_Elements_of_Style/chunk_001.md,D:\Books\Writing\AI_Content\Tier_00-20_Extracted\00-20_The_Elements_of_Style\chunk_001.md,.md,3391,3.3 KB,True,True,chunked,2026-03-20T16:02:24
514,Writing,Writing/AI_Content/Tier_00-20_Extracted/00-20_The_Elements_of_Style/chunk_002.md,D:\Books\Writing\AI_Content\Tier_00-20_Extracted\00-20_The_Elements_of_Style\chunk_002.md,.md,3102,3.0 KB,True,True,chunked,2026-03-20T16:02:24
515,Writing,Writing/AI_Content/Tier_00-20_Extracted/00-20_The_Elements_of_Style/chunk_003.md,D:\Books\Writing\AI_Content\Tier_00-20_Extracted\00-20_The_Elements_of_Style\chunk_003.md,.md,12222,11.9 KB,True,True,chunked,2026-03-20T16:02:24
516,Writing,Writing/AI_Content/Tier_00-20_Extracted/00-20_The_Elements_of_Style/chunk_004.md,D:\Books\Writing\AI_Content\Tier_00-20_Extracted\00-20_The_Elements_of_Style\chunk_004.md,.md,32815,32.0 KB,True,True,chunked,2026-03-20T16:02:24
517,Writing,Writing/AI_Content/Tier_00-20_Extracted/00-20_The_Elements_of_Style/chunk_005.md,D:\Books\Writing\AI_Content\Tier_00-20_Extracted\00-20_The_Elements_of_Style\chunk_005.md,.md,4987,4.9 KB,True,True,chunked,2026-03-20T16:02:24
518,Writing,Writing/AI_Content/Tier_00-20_Extracted/00-20_The_Elements_of_Style/chunk_006.md,D:\Books\Writing\AI_Content\Tier_00-20_Extracted\00-20_The_Elements_of_Style\chunk_006.md,.md,21054,20.6 KB,True,True,chunked,2026-03-20T16:02:24
519,Writing,Writing/AI_Content/Tier_00-20_Extracted/00-20_The_Elements_of_Style/chunk_007.md,D:\Books\Writing\AI_Content\Tier_00-20_Extracted\00-20_The_Elements_of_Style\chunk_007.md,.md,2417,2.4 KB,True,True,chunked,2026-03-20T16:02:24
520,Writing,Writing/AI_Content/Tier_00-20_Extracted/00-20_The_Elements_of_Style/chunk_008.md,D:\Books\Writing\AI_Content\Tier_00-20_Extracted\00-20_The_Elements_of_Style\chunk_008.md,.md,5374,5.2 KB,True,True,chunked,2026-03-20T16:02:24
521,Writing,Writing/AI_Content/Tier_00-20_Extracted/00-20_The_Elements_of_Style/chunk_009.md,D:\Books\Writing\AI_Content\Tier_00-20_Extracted\00-20_The_Elements_of_Style\chunk_009.md,.md,609,609.0 B,True,True,chunked,2026-03-20T16:02:24
522,Writing,Writing/AI_Content/Tier_00-20_Extracted/00-20_The_Elements_of_Style/chunk_010.md,D:\Books\Writing\AI_Content\Tier_00-20_Extracted\00-20_The_Elements_of_Style\chunk_010.md,.md,873,873.0 B,True,True,chunked,2026-03-20T16:02:24
540,Writing,Writing/AI_Content/Tier_00-20_Extracted/00-20_The_Only_Grammar_Book_You'll_Ever_Need/README.md,D:\Books\Writing\AI_Content\Tier_00-20_Extracted\00-20_The_Only_Grammar_Book_You'll_Ever_Need\README.md,.md,1675,1.6 KB,True,True,chunked,2026-03-20T16:02:24
524,Writing,Writing/AI_Content/Tier_00-20_Extracted/00-20_The_Only_Grammar_Book_You'll_Ever_Need/chunk_001.md,D:\Books\Writing\AI_Content\Tier_00-20_Extracted\00-20_The_Only_Grammar_Book_You'll_Ever_Need\chunk_001.md,.md,2119,2.1 KB,True,True,chunked,2026-03-20T16:02:24
525,Writing,Writing/AI_Content/Tier_00-20_Extracted/00-20_The_Only_Grammar_Book_You'll_Ever_Need/chunk_002.md,D:\Books\Writing\AI_Content\Tier_00-20_Extracted\00-20_The_Only_Grammar_Book_You'll_Ever_Need\chunk_002.md,.md,2410,2.4 KB,True,True,chunked,2026-03-20T16:02:24
526,Writing,Writing/AI_Content/Tier_00-20_Extracted/00-20_The_Only_Grammar_Book_You'll_Ever_Need/chunk_003.md,D:\Books\Writing\AI_Content\Tier_00-20_Extracted\00-20_The_Only_Grammar_Book_You'll_Ever_Need\chunk_003.md,.md,2464,2.4 KB,True,True,chunked,2026-03-20T16:02:24
527,Writing,Writing/AI_Content/Tier_00-20_Extracted/00-20_The_Only_Grammar_Book_You'll_Ever_Need/chunk_004.md,D:\Books\Writing\AI_Content\Tier_00-20_Extracted\00-20_The_Only_Grammar_Book_You'll_Ever_Need\chunk_004.md,.md,26346,25.7 KB,True,True,chunked,2026-03-20T16:02:24
528,Writing,Writing/AI_Content/Tier_00-20_Extracted/00-20_The_Only_Grammar_Book_You'll_Ever_Need/chunk_005.md,D:\Books\Writing\AI_Content\Tier_00-20_Extracted\00-20_The_Only_Grammar_Book_You'll_Ever_Need\chunk_005.md,.md,21740,21.2 KB,True,True,chunked,2026-03-20T16:02:24
529,Writing,Writing/AI_Content/Tier_00-20_Extracted/00-20_The_Only_Grammar_Book_You'll_Ever_Need/chunk_006.md,D:\Books\Writing\AI_Content\Tier_00-20_Extracted\00-20_The_Only_Grammar_Book_You'll_Ever_Need\chunk_006.md,.md,26988,26.4 KB,True,True,chunked,2026-03-20T16:02:24
530,Writing,Writing/AI_Content/Tier_00-20_Extracted/00-20_The_Only_Grammar_Book_You'll_Ever_Need/chunk_007.md,D:\Books\Writing\AI_Content\Tier_00-20_Extracted\00-20_The_Only_Grammar_Book_You'll_Ever_Need\chunk_007.md,.md,13826,13.5 KB,True,True,chunked,2026-03-20T16:02:24
531,Writing,Writing/AI_Content/Tier_00-20_Extracted/00-20_The_Only_Grammar_Book_You'll_Ever_Need/chunk_008.md,D:\Books\Writing\AI_Content\Tier_00-20_Extracted\00-20_The_Only_Grammar_Book_You'll_Ever_Need\chunk_008.md,.md,21000,20.5 KB,True,True,chunked,2026-03-20T16:02:24
532,Writing,Writing/AI_Content/Tier_00-20_Extracted/00-20_The_Only_Grammar_Book_You'll_Ever_Need/chunk_009.md,D:\Books\Writing\AI_Content\Tier_00-20_Extracted\00-20_The_Only_Grammar_Book_You'll_Ever_Need\chunk_009.md,.md,51505,50.3 KB,True,True,chunked,2026-03-20T16:02:24
533,Writing,Writing/AI_Content/Tier_00-20_Extracted/00-20_The_Only_Grammar_Book_You'll_Ever_Need/chunk_010.md,D:\Books\Writing\AI_Content\Tier_00-20_Extracted\00-20_The_Only_Grammar_Book_You'll_Ever_Need\chunk_010.md,.md,25280,24.7 KB,True,True,chunked,2026-03-20T16:02:24
534,Writing,Writing/AI_Content/Tier_00-20_Extracted/00-20_The_Only_Grammar_Book_You'll_Ever_Need/chunk_011.md,D:\Books\Writing\AI_Content\Tier_00-20_Extracted\00-20_The_Only_Grammar_Book_You'll_Ever_Need\chunk_011.md,.md,8491,8.3 KB,True,True,chunked,2026-03-20T16:02:24
535,Writing,Writing/AI_Content/Tier_00-20_Extracted/00-20_The_Only_Grammar_Book_You'll_Ever_Need/chunk_012.md,D:\Books\Writing\AI_Content\Tier_00-20_Extracted\00-20_The_Only_Grammar_Book_You'll_Ever_Need\chunk_012.md,.md,17241,16.8 KB,True,True,chunked,2026-03-20T16:02:24
536,Writing,Writing/AI_Content/Tier_00-20_Extracted/00-20_The_Only_Grammar_Book_You'll_Ever_Need/chunk_013.md,D:\Books\Writing\AI_Content\Tier_00-20_Extracted\00-20_The_Only_Grammar_Book_You'll_Ever_Need\chunk_013.md,.md,23320,22.8 KB,True,True,chunked,2026-03-20T16:02:24
537,Writing,Writing/AI_Content/Tier_00-20_Extracted/00-20_The_Only_Grammar_Book_You'll_Ever_Need/chunk_014.md,D:\Books\Writing\AI_Content\Tier_00-20_Extracted\00-20_The_Only_Grammar_Book_You'll_Ever_Need\chunk_014.md,.md,15901,15.5 KB,True,True,chunked,2026-03-20T16:02:24
538,Writing,Writing/AI_Content/Tier_00-20_Extracted/00-20_The_Only_Grammar_Book_You'll_Ever_Need/chunk_015.md,D:\Books\Writing\AI_Content\Tier_00-20_Extracted\00-20_The_Only_Grammar_Book_You'll_Ever_Need\chunk_015.md,.md,2819,2.8 KB,True,True,chunked,2026-03-20T16:02:24
539,Writing,Writing/AI_Content/Tier_00-20_Extracted/00-20_The_Only_Grammar_Book_You'll_Ever_Need/chunk_016.md,D:\Books\Writing\AI_Content\Tier_00-20_Extracted\00-20_The_Only_Grammar_Book_You'll_Ever_Need\chunk_016.md,.md,1428,1.4 KB,True,True,chunked,2026-03-20T16:02:24
617,Writing,Writing/AI_Content/Tier_00-20_Extracted/00-20_Writing_Guide/README.md,D:\Books\Writing\AI_Content\Tier_00-20_Extracted\00-20_Writing_Guide\README.md,.md,4695,4.6 KB,True,True,chunked,2026-03-20T16:02:24
541,Writing,Writing/AI_Content/Tier_00-20_Extracted/00-20_Writing_Guide/chunk_001.md,D:\Books\Writing\AI_Content\Tier_00-20_Extracted\00-20_Writing_Guide\chunk_001.md,.md,12653,12.4 KB,True,True,chunked,2026-03-20T16:02:24
542,Writing,Writing/AI_Content/Tier_00-20_Extracted/00-20_Writing_Guide/chunk_002.md,D:\Books\Writing\AI_Content\Tier_00-20_Extracted\00-20_Writing_Guide\chunk_002.md,.md,25609,25.0 KB,True,True,chunked,2026-03-20T16:02:24
543,Writing,Writing/AI_Content/Tier_00-20_Extracted/00-20_Writing_Guide/chunk_003.md,D:\Books\Writing\AI_Content\Tier_00-20_Extracted\00-20_Writing_Guide\chunk_003.md,.md,26982,26.3 KB,True,True,chunked,2026-03-20T16:02:24
544,Writing,Writing/AI_Content/Tier_00-20_Extracted/00-20_Writing_Guide/chunk_004.md,D:\Books\Writing\AI_Content\Tier_00-20_Extracted\00-20_Writing_Guide\chunk_004.md,.md,33432,32.6 KB,True,True,chunked,2026-03-20T16:02:24
545,Writing,Writing/AI_Content/Tier_00-20_Extracted/00-20_Writing_Guide/chunk_005.md,D:\Books\Writing\AI_Content\Tier_00-20_Extracted\00-20_Writing_Guide\chunk_005.md,.md,31445,30.7 KB,True,True,chunked,2026-03-20T16:02:24
546,Writing,Writing/AI_Content/Tier_00-20_Extracted/00-20_Writing_Guide/chunk_006.md,D:\Books\Writing\AI_Content\Tier_00-20_Extracted\00-20_Writing_Guide\chunk_006.md,.md,33053,32.3 KB,True,True,chunked,2026-03-20T16:02:24
547,Writing,Writing/AI_Content/Tier_00-20_Extracted/00-20_Writing_Guide/chunk_007.md,D:\Books\Writing\AI_Content\Tier_00-20_Extracted\00-20_Writing_Guide\chunk_007.md,.md,35383,34.6 KB,True,True,chunked,2026-03-20T16:02:24
548,Writing,Writing/AI_Content/Tier_00-20_Extracted/00-20_Writing_Guide/chunk_008.md,D:\Books\Writing\AI_Content\Tier_00-20_Extracted\00-20_Writing_Guide\chunk_008.md,.md,23635,23.1 KB,True,True,chunked,2026-03-20T16:02:24
549,Writing,Writing/AI_Content/Tier_00-20_Extracted/00-20_Writing_Guide/chunk_009.md,D:\Books\Writing\AI_Content\Tier_00-20_Extracted\00-20_Writing_Guide\chunk_009.md,.md,35408,34.6 KB,True,True,chunked,2026-03-20T16:02:24
550,Writing,Writing/AI_Content/Tier_00-20_Extracted/00-20_Writing_Guide/chunk_010.md,D:\Books\Writing\AI_Content\Tier_00-20_Extracted\00-20_Writing_Guide\chunk_010.md,.md,25552,25.0 KB,True,True,chunked,2026-03-20T16:02:24
551,Writing,Writing/AI_Content/Tier_00-20_Extracted/00-20_Writing_Guide/chunk_011.md,D:\Books\Writing\AI_Content\Tier_00-20_Extracted\00-20_Writing_Guide\chunk_011.md,.md,27643,27.0 KB,True,True,chunked,2026-03-20T16:02:24
552,Writing,Writing/AI_Content/Tier_00-20_Extracted/00-20_Writing_Guide/chunk_012.md,D:\Books\Writing\AI_Content\Tier_00-20_Extracted\00-20_Writing_Guide\chunk_012.md,.md,22504,22.0 KB,True,True,chunked,2026-03-20T16:02:24
553,Writing,Writing/AI_Content/Tier_00-20_Extracted/00-20_Writing_Guide/chunk_013.md,D:\Books\Writing\AI_Content\Tier_00-20_Extracted\00-20_Writing_Guide\chunk_013.md,.md,35877,35.0 KB,True,True,chunked,2026-03-20T16:02:24
554,Writing,Writing/AI_Content/Tier_00-20_Extracted/00-20_Writing_Guide/chunk_014.md,D:\Books\Writing\AI_Content\Tier_00-20_Extracted\00-20_Writing_Guide\chunk_014.md,.md,36670,35.8 KB,True,True,chunked,2026-03-20T16:02:24
555,Writing,Writing/AI_Content/Tier_00-20_Extracted/00-20_Writing_Guide/chunk_015.md,D:\Books\Writing\AI_Content\Tier_00-20_Extracted\00-20_Writing_Guide\chunk_015.md,.md,27181,26.5 KB,True,True,chunked,2026-03-20T16:02:24
556,Writing,Writing/AI_Content/Tier_00-20_Extracted/00-20_Writing_Guide/chunk_016.md,D:\Books\Writing\AI_Content\Tier_00-20_Extracted\00-20_Writing_Guide\chunk_016.md,.md,29842,29.1 KB,True,True,chunked,2026-03-20T16:02:24
557,Writing,Writing/AI_Content/Tier_00-20_Extracted/00-20_Writing_Guide/chunk_017.md,D:\Books\Writing\AI_Content\Tier_00-20_Extracted\00-20_Writing_Guide\chunk_017.md,.md,35749,34.9 KB,True,True,chunked,2026-03-20T16:02:24
558,Writing,Writing/AI_Content/Tier_00-20_Extracted/00-20_Writing_Guide/chunk_018.md,D:\Books\Writing\AI_Content\Tier_00-20_Extracted\00-20_Writing_Guide\chunk_018.md,.md,32193,31.4 KB,True,True,chunked,2026-03-20T16:02:24
559,Writing,Writing/AI_Content/Tier_00-20_Extracted/00-20_Writing_Guide/chunk_019.md,D:\Books\Writing\AI_Content\Tier_00-20_Extracted\00-20_Writing_Guide\chunk_019.md,.md,30920,30.2 KB,True,True,chunked,2026-03-20T16:02:24
560,Writing,Writing/AI_Content/Tier_00-20_Extracted/00-20_Writing_Guide/chunk_020.md,D:\Books\Writing\AI_Content\Tier_00-20_Extracted\00-20_Writing_Guide\chunk_020.md,.md,29952,29.2 KB,True,True,chunked,2026-03-20T16:02:24
561,Writing,Writing/AI_Content/Tier_00-20_Extracted/00-20_Writing_Guide/chunk_021.md,D:\Books\Writing\AI_Content\Tier_00-20_Extracted\00-20_Writing_Guide\chunk_021.md,.md,32828,32.1 KB,True,True,chunked,2026-03-20T16:02:24
562,Writing,Writing/AI_Content/Tier_00-20_Extracted/00-20_Writing_Guide/chunk_022.md,D:\Books\Writing\AI_Content\Tier_00-20_Extracted\00-20_Writing_Guide\chunk_022.md,.md,25108,24.5 KB,True,True,chunked,2026-03-20T16:02:24
563,Writing,Writing/AI_Content/Tier_00-20_Extracted/00-20_Writing_Guide/chunk_023.md,D:\Books\Writing\AI_Content\Tier_00-20_Extracted\00-20_Writing_Guide\chunk_023.md,.md,37829,36.9 KB,True,True,chunked,2026-03-20T16:02:24
564,Writing,Writing/AI_Content/Tier_00-20_Extracted/00-20_Writing_Guide/chunk_024.md,D:\Books\Writing\AI_Content\Tier_00-20_Extracted\00-20_Writing_Guide\chunk_024.md,.md,30755,30.0 KB,True,True,chunked,2026-03-20T16:02:24
565,Writing,Writing/AI_Content/Tier_00-20_Extracted/00-20_Writing_Guide/chunk_025.md,D:\Books\Writing\AI_Content\Tier_00-20_Extracted\00-20_Writing_Guide\chunk_025.md,.md,30396,29.7 KB,True,True,chunked,2026-03-20T16:02:24
566,Writing,Writing/AI_Content/Tier_00-20_Extracted/00-20_Writing_Guide/chunk_026.md,D:\Books\Writing\AI_Content\Tier_00-20_Extracted\00-20_Writing_Guide\chunk_026.md,.md,36450,35.6 KB,True,True,chunked,2026-03-20T16:02:24
567,Writing,Writing/AI_Content/Tier_00-20_Extracted/00-20_Writing_Guide/chunk_027.md,D:\Books\Writing\AI_Content\Tier_00-20_Extracted\00-20_Writing_Guide\chunk_027.md,.md,31908,31.2 KB,True,True,chunked,2026-03-20T16:02:24
568,Writing,Writing/AI_Content/Tier_00-20_Extracted/00-20_Writing_Guide/chunk_028.md,D:\Books\Writing\AI_Content\Tier_00-20_Extracted\00-20_Writing_Guide\chunk_028.md,.md,27627,27.0 KB,True,True,chunked,2026-03-20T16:02:24
569,Writing,Writing/AI_Content/Tier_00-20_Extracted/00-20_Writing_Guide/chunk_029.md,D:\Books\Writing\AI_Content\Tier_00-20_Extracted\00-20_Writing_Guide\chunk_029.md,.md,32641,31.9 KB,True,True,chunked,2026-03-20T16:02:24
570,Writing,Writing/AI_Content/Tier_00-20_Extracted/00-20_Writing_Guide/chunk_030.md,D:\Books\Writing\AI_Content\Tier_00-20_Extracted\00-20_Writing_Guide\chunk_030.md,.md,30827,30.1 KB,True,True,chunked,2026-03-20T16:02:24
571,Writing,Writing/AI_Content/Tier_00-20_Extracted/00-20_Writing_Guide/chunk_031.md,D:\Books\Writing\AI_Content\Tier_00-20_Extracted\00-20_Writing_Guide\chunk_031.md,.md,24424,23.9 KB,True,True,chunked,2026-03-20T16:02:24
572,Writing,Writing/AI_Content/Tier_00-20_Extracted/00-20_Writing_Guide/chunk_032.md,D:\Books\Writing\AI_Content\Tier_00-20_Extracted\00-20_Writing_Guide\chunk_032.md,.md,22404,21.9 KB,True,True,chunked,2026-03-20T16:02:24
573,Writing,Writing/AI_Content/Tier_00-20_Extracted/00-20_Writing_Guide/chunk_033.md,D:\Books\Writing\AI_Content\Tier_00-20_Extracted\00-20_Writing_Guide\chunk_033.md,.md,37306,36.4 KB,True,True,chunked,2026-03-20T16:02:24
574,Writing,Writing/AI_Content/Tier_00-20_Extracted/00-20_Writing_Guide/chunk_034.md,D:\Books\Writing\AI_Content\Tier_00-20_Extracted\00-20_Writing_Guide\chunk_034.md,.md,31291,30.6 KB,True,True,chunked,2026-03-20T16:02:24
575,Writing,Writing/AI_Content/Tier_00-20_Extracted/00-20_Writing_Guide/chunk_035.md,D:\Books\Writing\AI_Content\Tier_00-20_Extracted\00-20_Writing_Guide\chunk_035.md,.md,29080,28.4 KB,True,True,chunked,2026-03-20T16:02:24
576,Writing,Writing/AI_Content/Tier_00-20_Extracted/00-20_Writing_Guide/chunk_036.md,D:\Books\Writing\AI_Content\Tier_00-20_Extracted\00-20_Writing_Guide\chunk_036.md,.md,24517,23.9 KB,True,True,chunked,2026-03-20T16:02:24
577,Writing,Writing/AI_Content/Tier_00-20_Extracted/00-20_Writing_Guide/chunk_037.md,D:\Books\Writing\AI_Content\Tier_00-20_Extracted\00-20_Writing_Guide\chunk_037.md,.md,24333,23.8 KB,True,True,chunked,2026-03-20T16:02:24
578,Writing,Writing/AI_Content/Tier_00-20_Extracted/00-20_Writing_Guide/chunk_038.md,D:\Books\Writing\AI_Content\Tier_00-20_Extracted\00-20_Writing_Guide\chunk_038.md,.md,26195,25.6 KB,True,True,chunked,2026-03-20T16:02:24
579,Writing,Writing/AI_Content/Tier_00-20_Extracted/00-20_Writing_Guide/chunk_039.md,D:\Books\Writing\AI_Content\Tier_00-20_Extracted\00-20_Writing_Guide\chunk_039.md,.md,23881,23.3 KB,True,True,chunked,2026-03-20T16:02:24
580,Writing,Writing/AI_Content/Tier_00-20_Extracted/00-20_Writing_Guide/chunk_040.md,D:\Books\Writing\AI_Content\Tier_00-20_Extracted\00-20_Writing_Guide\chunk_040.md,.md,36356,35.5 KB,True,True,chunked,2026-03-20T16:02:24
581,Writing,Writing/AI_Content/Tier_00-20_Extracted/00-20_Writing_Guide/chunk_041.md,D:\Books\Writing\AI_Content\Tier_00-20_Extracted\00-20_Writing_Guide\chunk_041.md,.md,36362,35.5 KB,True,True,chunked,2026-03-20T16:02:24
582,Writing,Writing/AI_Content/Tier_00-20_Extracted/00-20_Writing_Guide/chunk_042.md,D:\Books\Writing\AI_Content\Tier_00-20_Extracted\00-20_Writing_Guide\chunk_042.md,.md,30559,29.8 KB,True,True,chunked,2026-03-20T16:02:24
583,Writing,Writing/AI_Content/Tier_00-20_Extracted/00-20_Writing_Guide/chunk_043.md,D:\Books\Writing\AI_Content\Tier_00-20_Extracted\00-20_Writing_Guide\chunk_043.md,.md,23456,22.9 KB,True,True,chunked,2026-03-20T16:02:24
584,Writing,Writing/AI_Content/Tier_00-20_Extracted/00-20_Writing_Guide/chunk_044.md,D:\Books\Writing\AI_Content\Tier_00-20_Extracted\00-20_Writing_Guide\chunk_044.md,.md,38952,38.0 KB,True,True,chunked,2026-03-20T16:02:24
585,Writing,Writing/AI_Content/Tier_00-20_Extracted/00-20_Writing_Guide/chunk_045.md,D:\Books\Writing\AI_Content\Tier_00-20_Extracted\00-20_Writing_Guide\chunk_045.md,.md,24994,24.4 KB,True,True,chunked,2026-03-20T16:02:24
586,Writing,Writing/AI_Content/Tier_00-20_Extracted/00-20_Writing_Guide/chunk_046.md,D:\Books\Writing\AI_Content\Tier_00-20_Extracted\00-20_Writing_Guide\chunk_046.md,.md,23271,22.7 KB,True,True,chunked,2026-03-20T16:02:24
587,Writing,Writing/AI_Content/Tier_00-20_Extracted/00-20_Writing_Guide/chunk_047.md,D:\Books\Writing\AI_Content\Tier_00-20_Extracted\00-20_Writing_Guide\chunk_047.md,.md,37344,36.5 KB,True,True,chunked,2026-03-20T16:02:24
588,Writing,Writing/AI_Content/Tier_00-20_Extracted/00-20_Writing_Guide/chunk_048.md,D:\Books\Writing\AI_Content\Tier_00-20_Extracted\00-20_Writing_Guide\chunk_048.md,.md,23312,22.8 KB,True,True,chunked,2026-03-20T16:02:24
589,Writing,Writing/AI_Content/Tier_00-20_Extracted/00-20_Writing_Guide/chunk_049.md,D:\Books\Writing\AI_Content\Tier_00-20_Extracted\00-20_Writing_Guide\chunk_049.md,.md,30009,29.3 KB,True,True,chunked,2026-03-20T16:02:24
590,Writing,Writing/AI_Content/Tier_00-20_Extracted/00-20_Writing_Guide/chunk_050.md,D:\Books\Writing\AI_Content\Tier_00-20_Extracted\00-20_Writing_Guide\chunk_050.md,.md,24893,24.3 KB,True,True,chunked,2026-03-20T16:02:24
591,Writing,Writing/AI_Content/Tier_00-20_Extracted/00-20_Writing_Guide/chunk_051.md,D:\Books\Writing\AI_Content\Tier_00-20_Extracted\00-20_Writing_Guide\chunk_051.md,.md,26624,26.0 KB,True,True,chunked,2026-03-20T16:02:24
592,Writing,Writing/AI_Content/Tier_00-20_Extracted/00-20_Writing_Guide/chunk_052.md,D:\Books\Writing\AI_Content\Tier_00-20_Extracted\00-20_Writing_Guide\chunk_052.md,.md,26048,25.4 KB,True,True,chunked,2026-03-20T16:02:24
593,Writing,Writing/AI_Content/Tier_00-20_Extracted/00-20_Writing_Guide/chunk_053.md,D:\Books\Writing\AI_Content\Tier_00-20_Extracted\00-20_Writing_Guide\chunk_053.md,.md,37545,36.7 KB,True,True,chunked,2026-03-20T16:02:24
594,Writing,Writing/AI_Content/Tier_00-20_Extracted/00-20_Writing_Guide/chunk_054.md,D:\Books\Writing\AI_Content\Tier_00-20_Extracted\00-20_Writing_Guide\chunk_054.md,.md,32285,31.5 KB,True,True,chunked,2026-03-20T16:02:24
595,Writing,Writing/AI_Content/Tier_00-20_Extracted/00-20_Writing_Guide/chunk_055.md,D:\Books\Writing\AI_Content\Tier_00-20_Extracted\00-20_Writing_Guide\chunk_055.md,.md,29774,29.1 KB,True,True,chunked,2026-03-20T16:02:24
596,Writing,Writing/AI_Content/Tier_00-20_Extracted/00-20_Writing_Guide/chunk_056.md,D:\Books\Writing\AI_Content\Tier_00-20_Extracted\00-20_Writing_Guide\chunk_056.md,.md,29027,28.3 KB,True,True,chunked,2026-03-20T16:02:24
597,Writing,Writing/AI_Content/Tier_00-20_Extracted/00-20_Writing_Guide/chunk_057.md,D:\Books\Writing\AI_Content\Tier_00-20_Extracted\00-20_Writing_Guide\chunk_057.md,.md,29829,29.1 KB,True,True,chunked,2026-03-20T16:02:24
598,Writing,Writing/AI_Content/Tier_00-20_Extracted/00-20_Writing_Guide/chunk_058.md,D:\Books\Writing\AI_Content\Tier_00-20_Extracted\00-20_Writing_Guide\chunk_058.md,.md,33674,32.9 KB,True,True,chunked,2026-03-20T16:02:24
599,Writing,Writing/AI_Content/Tier_00-20_Extracted/00-20_Writing_Guide/chunk_059.md,D:\Books\Writing\AI_Content\Tier_00-20_Extracted\00-20_Writing_Guide\chunk_059.md,.md,23271,22.7 KB,True,True,chunked,2026-03-20T16:02:24
600,Writing,Writing/AI_Content/Tier_00-20_Extracted/00-20_Writing_Guide/chunk_060.md,D:\Books\Writing\AI_Content\Tier_00-20_Extracted\00-20_Writing_Guide\chunk_060.md,.md,23887,23.3 KB,True,True,chunked,2026-03-20T16:02:24
601,Writing,Writing/AI_Content/Tier_00-20_Extracted/00-20_Writing_Guide/chunk_061.md,D:\Books\Writing\AI_Content\Tier_00-20_Extracted\00-20_Writing_Guide\chunk_061.md,.md,30969,30.2 KB,True,True,chunked,2026-03-20T16:02:24
602,Writing,Writing/AI_Content/Tier_00-20_Extracted/00-20_Writing_Guide/chunk_062.md,D:\Books\Writing\AI_Content\Tier_00-20_Extracted\00-20_Writing_Guide\chunk_062.md,.md,19918,19.5 KB,True,True,chunked,2026-03-20T16:02:24
603,Writing,Writing/AI_Content/Tier_00-20_Extracted/00-20_Writing_Guide/chunk_063.md,D:\Books\Writing\AI_Content\Tier_00-20_Extracted\00-20_Writing_Guide\chunk_063.md,.md,23909,23.3 KB,True,True,chunked,2026-03-20T16:02:24
604,Writing,Writing/AI_Content/Tier_00-20_Extracted/00-20_Writing_Guide/chunk_064.md,D:\Books\Writing\AI_Content\Tier_00-20_Extracted\00-20_Writing_Guide\chunk_064.md,.md,28643,28.0 KB,True,True,chunked,2026-03-20T16:02:24
605,Writing,Writing/AI_Content/Tier_00-20_Extracted/00-20_Writing_Guide/chunk_065.md,D:\Books\Writing\AI_Content\Tier_00-20_Extracted\00-20_Writing_Guide\chunk_065.md,.md,33131,32.4 KB,True,True,chunked,2026-03-20T16:02:24
606,Writing,Writing/AI_Content/Tier_00-20_Extracted/00-20_Writing_Guide/chunk_066.md,D:\Books\Writing\AI_Content\Tier_00-20_Extracted\00-20_Writing_Guide\chunk_066.md,.md,27685,27.0 KB,True,True,chunked,2026-03-20T16:02:24
607,Writing,Writing/AI_Content/Tier_00-20_Extracted/00-20_Writing_Guide/chunk_067.md,D:\Books\Writing\AI_Content\Tier_00-20_Extracted\00-20_Writing_Guide\chunk_067.md,.md,24467,23.9 KB,True,True,chunked,2026-03-20T16:02:24
608,Writing,Writing/AI_Content/Tier_00-20_Extracted/00-20_Writing_Guide/chunk_068.md,D:\Books\Writing\AI_Content\Tier_00-20_Extracted\00-20_Writing_Guide\chunk_068.md,.md,31657,30.9 KB,True,True,chunked,2026-03-20T16:02:24
609,Writing,Writing/AI_Content/Tier_00-20_Extracted/00-20_Writing_Guide/chunk_069.md,D:\Books\Writing\AI_Content\Tier_00-20_Extracted\00-20_Writing_Guide\chunk_069.md,.md,28430,27.8 KB,True,True,chunked,2026-03-20T16:02:24
610,Writing,Writing/AI_Content/Tier_00-20_Extracted/00-20_Writing_Guide/chunk_070.md,D:\Books\Writing\AI_Content\Tier_00-20_Extracted\00-20_Writing_Guide\chunk_070.md,.md,33362,32.6 KB,True,True,chunked,2026-03-20T16:02:24
611,Writing,Writing/AI_Content/Tier_00-20_Extracted/00-20_Writing_Guide/chunk_071.md,D:\Books\Writing\AI_Content\Tier_00-20_Extracted\00-20_Writing_Guide\chunk_071.md,.md,35374,34.5 KB,True,True,chunked,2026-03-20T16:02:24
612,Writing,Writing/AI_Content/Tier_00-20_Extracted/00-20_Writing_Guide/chunk_072.md,D:\Books\Writing\AI_Content\Tier_00-20_Extracted\00-20_Writing_Guide\chunk_072.md,.md,26839,26.2 KB,True,True,chunked,2026-03-20T16:02:24
613,Writing,Writing/AI_Content/Tier_00-20_Extracted/00-20_Writing_Guide/chunk_073.md,D:\Books\Writing\AI_Content\Tier_00-20_Extracted\00-20_Writing_Guide\chunk_073.md,.md,22715,22.2 KB,True,True,chunked,2026-03-20T16:02:24
614,Writing,Writing/AI_Content/Tier_00-20_Extracted/00-20_Writing_Guide/chunk_074.md,D:\Books\Writing\AI_Content\Tier_00-20_Extracted\00-20_Writing_Guide\chunk_074.md,.md,26883,26.3 KB,True,True,chunked,2026-03-20T16:02:24
615,Writing,Writing/AI_Content/Tier_00-20_Extracted/00-20_Writing_Guide/chunk_075.md,D:\Books\Writing\AI_Content\Tier_00-20_Extracted\00-20_Writing_Guide\chunk_075.md,.md,28947,28.3 KB,True,True,chunked,2026-03-20T16:02:24
616,Writing,Writing/AI_Content/Tier_00-20_Extracted/00-20_Writing_Guide/chunk_076.md,D:\Books\Writing\AI_Content\Tier_00-20_Extracted\00-20_Writing_Guide\chunk_076.md,.md,15604,15.2 KB,True,True,chunked,2026-03-20T16:02:24
384,Writing,Writing/AI_Content/Tier_00-20_Extracted/DEMO_AI_ANALYSIS.md,D:\Books\Writing\AI_Content\Tier_00-20_Extracted\DEMO_AI_ANALYSIS.md,.md,6096,6.0 KB,True,True,chunked,2026-03-20T16:02:24
385,Writing,Writing/AI_Content/Tier_00-20_Extracted/TIER_INDEX.md,D:\Books\Writing\AI_Content\Tier_00-20_Extracted\TIER_INDEX.md,.md,2823,2.8 KB,True,True,chunked,2026-03-20T16:02:24
40,Writing,Writing/CURRICULUM_ROADMAP.md,D:\Books\Writing\CURRICULUM_ROADMAP.md,.md,13327,13.0 KB,True,True,chunked,2026-03-20T16:02:23
349,Writing,Writing/PracticeTexts_Analysis/Crime and punishment a novel in six parts with epilogue.mobi,D:\Books\Writing\PracticeTexts_Analysis\Crime and punishment a novel in six parts with epilogue.mobi,.mobi,950052,927.8 KB,False,False,pending,2026-03-20T16:02:24
350,Writing,Writing/Reference_AllLevels/Fowler's Dictionary of Modern English Usage.epub,D:\Books\Writing\Reference_AllLevels\Fowler's Dictionary of Modern English Usage.epub,.epub,2382862,2.3 MB,True,True,chunked,2026-03-20T16:02:24
351,Writing,Writing/Reference_AllLevels/Modern Russian Usage.pdf,D:\Books\Writing\Reference_AllLevels\Modern Russian Usage.pdf,.pdf,5272833,5.0 MB,True,False,converted,2026-03-20T16:02:24
352,Writing,Writing/Reference_AllLevels/Practical English Usage.epub,D:\Books\Writing\Reference_AllLevels\Practical English Usage.epub,.epub,3162070,3.0 MB,True,True,chunked,2026-03-20T16:02:24
353,Writing,Writing/Tier_00-20_Foundations/Better Writing.pdf,D:\Books\Writing\Tier_00-20_Foundations\Better Writing.pdf,.pdf,15367695,14.7 MB,True,False,converted,2026-03-20T16:02:24
354,Writing,"Writing/Tier_00-20_Foundations/Eats, shoots and leaves.mobi","D:\Books\Writing\Tier_00-20_Foundations\Eats, shoots and leaves.mobi",.mobi,236073,230.5 KB,False,False,pending,2026-03-20T16:02:24
355,Writing,Writing/Tier_00-20_Foundations/Grammatically Correct The Essential Guide to Spelling.epub,D:\Books\Writing\Tier_00-20_Foundations\Grammatically Correct The Essential Guide to Spelling.epub,.epub,1080552,1.0 MB,True,True,chunked,2026-03-20T16:02:24
356,Writing,Writing/Tier_00-20_Foundations/How to Write a Sentence and How to Read One.epub,D:\Books\Writing\Tier_00-20_Foundations\How to Write a Sentence and How to Read One.epub,.epub,588840,575.0 KB,True,True,chunked,2026-03-20T16:02:24
357,Writing,Writing/Tier_00-20_Foundations/McGraw-Handbook of English Grammar Usage 3rdE.pdf,D:\Books\Writing\Tier_00-20_Foundations\McGraw-Handbook of English Grammar Usage 3rdE.pdf,.pdf,12070405,11.5 MB,True,False,converted,2026-03-20T16:02:24
358,Writing,Writing/Tier_00-20_Foundations/The Elements of Style.epub,D:\Books\Writing\Tier_00-20_Foundations\The Elements of Style.epub,.epub,194672,190.1 KB,True,True,chunked,2026-03-20T16:02:24
359,Writing,Writing/Tier_00-20_Foundations/The Only Grammar Book You'll Ever Need.epub,D:\Books\Writing\Tier_00-20_Foundations\The Only Grammar Book You'll Ever Need.epub,.epub,363628,355.1 KB,True,True,chunked,2026-03-20T16:02:24
360,Writing,Writing/Tier_00-20_Foundations/Writing Guide.pdf,D:\Books\Writing\Tier_00-20_Foundations\Writing Guide.pdf,.pdf,65093059,62.1 MB,True,False,converted,2026-03-20T16:02:24
361,Writing,Writing/Tier_21-40_SentenceCraft/Artful Sentences Syntax as Style.pdf,D:\Books\Writing\Tier_21-40_SentenceCraft\Artful Sentences Syntax as Style.pdf,.pdf,12198270,11.6 MB,True,False,converted,2026-03-20T16:02:24
362,Writing,Writing/Tier_21-40_SentenceCraft/Breaking the rules - liberating writers through innovative.pdf,D:\Books\Writing\Tier_21-40_SentenceCraft\Breaking the rules - liberating writers through innovative.pdf,.pdf,11648272,11.1 MB,True,False,converted,2026-03-20T16:02:24
363,Writing,Writing/Tier_21-40_SentenceCraft/Christensen-GenerativeRhetoricSentence-1963.pdf,D:\Books\Writing\Tier_21-40_SentenceCraft\Christensen-GenerativeRhetoricSentence-1963.pdf,.pdf,1407687,1.3 MB,True,False,converted,2026-03-20T16:02:24
364,Writing,Writing/Tier_21-40_SentenceCraft/Grammar as Style.pdf,D:\Books\Writing\Tier_21-40_SentenceCraft\Grammar as Style.pdf,.pdf,5542615,5.3 MB,True,False,converted,2026-03-20T16:02:24
366,Writing,Writing/Tier_21-40_SentenceCraft/R_BuildingGreatSentencesExploringTheWritersCraft.pdf,D:\Books\Writing\Tier_21-40_SentenceCraft\R_BuildingGreatSentencesExploringTheWritersCraft.pdf,.pdf,4380549,4.2 MB,True,False,converted,2026-03-20T16:02:24
365,Writing,Writing/Tier_21-40_SentenceCraft/Reading Like A Writer-A Guide For People Who Love Books.epub,D:\Books\Writing\Tier_21-40_SentenceCraft\Reading Like A Writer-A Guide For People Who Love Books.epub,.epub,296633,289.7 KB,True,True,chunked,2026-03-20T16:02:24
367,Writing,Writing/Tier_21-40_SentenceCraft/Several Short Sentences about Writing.epub,D:\Books\Writing\Tier_21-40_SentenceCraft\Several Short Sentences about Writing.epub,.epub,1799741,1.7 MB,True,True,chunked,2026-03-20T16:02:24
368,Writing,Writing/Tier_21-40_SentenceCraft/Sin and Syntax How to Craft Wickedly Effective Prose.epub,D:\Books\Writing\Tier_21-40_SentenceCraft\Sin and Syntax How to Craft Wickedly Effective Prose.epub,.epub,472064,461.0 KB,True,True,chunked,2026-03-20T16:02:24
369,Writing,Writing/Tier_21-40_SentenceCraft/Stellar English A Down-to-Earth Guide to Grammar and Style.pdf,D:\Books\Writing\Tier_21-40_SentenceCraft\Stellar English A Down-to-Earth Guide to Grammar and Style.pdf,.pdf,1178786,1.1 MB,True,False,converted,2026-03-20T16:02:24
370,Writing,Writing/Tier_41-60_StoryFoundations/Steering the Craft.epub,D:\Books\Writing\Tier_41-60_StoryFoundations\Steering the Craft.epub,.epub,371638,362.9 KB,True,True,chunked,2026-03-20T16:02:24
371,Writing,Writing/Tier_41-60_StoryFoundations/Story -- Robert McKee (ENG) -- 5c71929177f6acb24d5dc66ef4dd990e -- Anna’s Archive.epub,D:\Books\Writing\Tier_41-60_StoryFoundations\Story -- Robert McKee (ENG) -- 5c71929177f6acb24d5dc66ef4dd990e -- Anna’s Archive.epub,.epub,1055077,1.0 MB,True,True,chunked,2026-03-20T16:02:24
372,Writing,Writing/Tier_41-60_StoryFoundations/The Making of a Story.pdf,D:\Books\Writing\Tier_41-60_StoryFoundations\The Making of a Story.pdf,.pdf,38398652,36.6 MB,True,False,converted,2026-03-20T16:02:24
373,Writing,Writing/Tier_41-60_StoryFoundations/What If Writing Exercises for Fiction Writers.pdf,D:\Books\Writing\Tier_41-60_StoryFoundations\What If Writing Exercises for Fiction Writers.pdf,.pdf,62731564,59.8 MB,True,False,converted,2026-03-20T16:02:24
374,Writing,Writing/Tier_41-60_StoryFoundations/Writing Down the Bones - Freeing the Writer Within.epub,D:\Books\Writing\Tier_41-60_StoryFoundations\Writing Down the Bones - Freeing the Writer Within.epub,.epub,246030,240.3 KB,True,True,chunked,2026-03-20T16:02:24
375,Writing,Writing/Tier_61-80_CharacterDialogue/Awakening the Heroes Within - Twelve Archetypes to Help Us.pdf,D:\Books\Writing\Tier_61-80_CharacterDialogue\Awakening the Heroes Within - Twelve Archetypes to Help Us.pdf,.pdf,3877971,3.7 MB,True,False,converted,2026-03-20T16:02:24
376,Writing,Writing/Tier_61-80_CharacterDialogue/Christopher Vogler - The Writers Journey.pdf,D:\Books\Writing\Tier_61-80_CharacterDialogue\Christopher Vogler - The Writers Journey.pdf,.pdf,26541022,25.3 MB,True,False,converted,2026-03-20T16:02:24
377,Writing,"Writing/Tier_61-80_CharacterDialogue/The Hero With a Thousand Faces -- Campbell, Joseph.epub","D:\Books\Writing\Tier_61-80_CharacterDialogue\The Hero With a Thousand Faces -- Campbell, Joseph.epub",.epub,1253845,1.2 MB,True,True,chunked,2026-03-20T16:02:24
378,Writing,Writing/Tier_61-80_CharacterDialogue/The Heroine's Journey Woman's Quest for Wholeness.epub,D:\Books\Writing\Tier_61-80_CharacterDialogue\The Heroine's Journey Woman's Quest for Wholeness.epub,.epub,601342,587.2 KB,True,True,chunked,2026-03-20T16:02:24
379,Writing,Writing/Tier_81-95_Mastery/A Swim In A Pond In The Rain.epub,D:\Books\Writing\Tier_81-95_Mastery\A Swim In A Pond In The Rain.epub,.epub,1849700,1.8 MB,True,True,chunked,2026-03-20T16:02:24
380,Writing,"Writing/Tier_81-95_Mastery/The Art of Fiction _ Notes on Craft for Young Writers -- John Gardner -- Place of publication not identified, 2010 -- Knopf Doubleday Publishing Group -- 9780307756718 -- 74253c0485d4b4ddb9f4f2b8571055a4 -- Anna’s Archive.epub","D:\Books\Writing\Tier_81-95_Mastery\The Art of Fiction _ Notes on Craft for Young Writers -- John Gardner -- Place of publication not identified, 2010 -- Knopf Doubleday Publishing Group -- 9780307756718 -- 74253c0485d4b4ddb9f4f2b8571055a4 -- Anna’s Archive.epub",.epub,2259896,2.2 MB,True,True,chunked,2026-03-20T16:02:24
381,Writing,"Writing/Tier_81-95_Mastery/The emotional craft of fiction _ how to write the story -- Maass, Donald -- Cincinnati, Ohio, 2016 -- F&W Media, Incorporated -- 9781440348433 -- 8e8f3d23b7b0fb395f1a1a98c2261fed -- Anna’s Archive.epub","D:\Books\Writing\Tier_81-95_Mastery\The emotional craft of fiction _ how to write the story -- Maass, Donald -- Cincinnati, Ohio, 2016 -- F&W Media, Incorporated -- 9781440348433 -- 8e8f3d23b7b0fb395f1a1a98c2261fed -- Anna’s Archive.epub",.epub,289372,282.6 KB,True,True,chunked,2026-03-20T16:02:24
382,Writing,"Writing/Tier_81-95_Mastery/They Say, I Say The Moves That Matter in Academic Writing.pdf","D:\Books\Writing\Tier_81-95_Mastery\They Say, I Say The Moves That Matter in Academic Writing.pdf",.pdf,10425366,9.9 MB,True,False,converted,2026-03-20T16:02:24
383,Writing,"Writing/Tier_96-100_Professional/The War of Art _ Winning the Inner Creative Battle -- Pressfield, Steven; McKee, Robert -- Fast Pencil, New York, NY, 2010 -- Rugged Land _ -- 9781607464334 -- 44c9f4cbb766de0ef7e559fbf0251bae -- Anna’s Archive.epub","D:\Books\Writing\Tier_96-100_Professional\The War of Art _ Winning the Inner Creative Battle -- Pressfield, Steven; McKee, Robert -- Fast Pencil, New York, NY, 2010 -- Rugged Land _ -- 9781607464334 -- 44c9f4cbb766de0ef7e559fbf0251bae -- Anna’s Archive.epub",.epub,296409,289.5 KB,True,True,chunked,2026-03-20T16:02:24
